location,count,link
"boise, idaho",90,"https://evanwill.github.io/hearings-text/browse.html#boise,%20idaho"
"long canyon (landform)",87,"https://evanwill.github.io/hearings-text/browse.html#long%20canyon%20(landform)"
"mallard-larkins (wilderness)",72,"https://evanwill.github.io/hearings-text/browse.html#mallard-larkins%20(wilderness)"
"united states (country)",61,"https://evanwill.github.io/hearings-text/browse.html#united%20states%20(country)"
"boise (city)",57,"https://evanwill.github.io/hearings-text/browse.html#boise%20(city)"
"idaho (state)",56,"https://evanwill.github.io/hearings-text/browse.html#idaho%20(state)"
"boundary county (county)",46,"https://evanwill.github.io/hearings-text/browse.html#boundary%20county%20(county)"
"bonners ferry, idaho",41,"https://evanwill.github.io/hearings-text/browse.html#bonners%20ferry,%20idaho"
"salmo-priest (wilderness)",37,"https://evanwill.github.io/hearings-text/browse.html#salmo-priest%20(wilderness)"
"selkirk crest (landform)",37,"https://evanwill.github.io/hearings-text/browse.html#selkirk%20crest%20(landform)"
"kelly creek (stream)",35,"https://evanwill.github.io/hearings-text/browse.html#kelly%20creek%20(stream)"
"palisades (landform)",32,"https://evanwill.github.io/hearings-text/browse.html#palisades%20(landform)"
"idaho falls, idaho",31,"https://evanwill.github.io/hearings-text/browse.html#idaho%20falls,%20idaho"
"sawtooth wilderness area (wilderness)",31,"https://evanwill.github.io/hearings-text/browse.html#sawtooth%20wilderness%20area%20(wilderness)"
"the selkirk crest (landform)",31,"https://evanwill.github.io/hearings-text/browse.html#the%20selkirk%20crest%20(landform)"
"creek (stream)",30,"https://evanwill.github.io/hearings-text/browse.html#creek%20(stream)"
"coeur d'alene (city)",29,"https://evanwill.github.io/hearings-text/browse.html#coeur%20d'alene%20(city)"
"white clouds (wilderness)",29,"https://evanwill.github.io/hearings-text/browse.html#white%20clouds%20(wilderness)"
"america (country)",28,"https://evanwill.github.io/hearings-text/browse.html#america%20(country)"
"coeur dâ€™alene, idaho",28,"https://evanwill.github.io/hearings-text/browse.html#coeur%20d%E2%80%99alene,%20idaho"
"washington (state)",28,"https://evanwill.github.io/hearings-text/browse.html#washington%20(state)"
"borah peak (landform)",27,"https://evanwill.github.io/hearings-text/browse.html#borah%20peak%20(landform)"
"bonners ferry (city)",27,"https://evanwill.github.io/hearings-text/browse.html#bonners%20ferry%20(city)"
"moscow, idaho",26,"https://evanwill.github.io/hearings-text/browse.html#moscow,%20idaho"
"salmon (stream)",26,"https://evanwill.github.io/hearings-text/browse.html#salmon%20(stream)"
"montana (state)",25,"https://evanwill.github.io/hearings-text/browse.html#montana%20(state)"
"garns mountain (landform)",24,"https://evanwill.github.io/hearings-text/browse.html#garns%20mountain%20(landform)"
"alaska (state)",24,"https://evanwill.github.io/hearings-text/browse.html#alaska%20(state)"
"salmon river (stream)",23,"https://evanwill.github.io/hearings-text/browse.html#salmon%20river%20(stream)"
"california (state)",19,"https://evanwill.github.io/hearings-text/browse.html#california%20(state)"
"great burn wilderness area (wilderness)",19,"https://evanwill.github.io/hearings-text/browse.html#great%20burn%20wilderness%20area%20(wilderness)"
"cayuse creek (stream)",19,"https://evanwill.github.io/hearings-text/browse.html#cayuse%20creek%20(stream)"
"wilderness (wilderness)",17,"https://evanwill.github.io/hearings-text/browse.html#wilderness%20(wilderness)"
"moscow (city)",17,"https://evanwill.github.io/hearings-text/browse.html#moscow%20(city)"
"oregon (state)",16,"https://evanwill.github.io/hearings-text/browse.html#oregon%20(state)"
"idaho falls (city)",16,"https://evanwill.github.io/hearings-text/browse.html#idaho%20falls%20(city)"
"lewiston, idaho",16,"https://evanwill.github.io/hearings-text/browse.html#lewiston,%20idaho"
"sandpoint, idaho",15,"https://evanwill.github.io/hearings-text/browse.html#sandpoint,%20idaho"
"orofino (city)",14,"https://evanwill.github.io/hearings-text/browse.html#orofino%20(city)"
"selkirk (landform)",14,"https://evanwill.github.io/hearings-text/browse.html#selkirk%20(landform)"
"challis (city)",14,"https://evanwill.github.io/hearings-text/browse.html#challis%20(city)"
"white cloud mountains (landform)",14,"https://evanwill.github.io/hearings-text/browse.html#white%20cloud%20mountains%20(landform)"
"south fork (stream)",13,"https://evanwill.github.io/hearings-text/browse.html#south%20fork%20(stream)"
"wyoming (state)",13,"https://evanwill.github.io/hearings-text/browse.html#wyoming%20(state)"
"earth (planet)",13,"https://evanwill.github.io/hearings-text/browse.html#earth%20(planet)"
"lewiston (city)",13,"https://evanwill.github.io/hearings-text/browse.html#lewiston%20(city)"
"white cloud-boulder mountain
 (landform)",12,"https://evanwill.github.io/hearings-text/browse.html#white%20cloud-boulder%20mountain"
"jersey jack (wilderness)",12,"https://evanwill.github.io/hearings-text/browse.html#jersey%20jack%20(wilderness)"
"ketchum, idaho",12,"https://evanwill.github.io/hearings-text/browse.html#ketchum,%20idaho"
"northern lemhis (landform)",12,"https://evanwill.github.io/hearings-text/browse.html#northern%20lemhis%20(landform)"
"bonner county (county)",11,"https://evanwill.github.io/hearings-text/browse.html#bonner%20county%20(county)"
"challis national forest (forest)",11,"https://evanwill.github.io/hearings-text/browse.html#challis%20national%20forest%20(forest)"
"the payette crest (landform)",10,"https://evanwill.github.io/hearings-text/browse.html#the%20payette%20crest%20(landform)"
"mccall (city)",10,"https://evanwill.github.io/hearings-text/browse.html#mccall%20(city)"
"north fork (stream)",10,"https://evanwill.github.io/hearings-text/browse.html#north%20fork%20(stream)"
"u.s. (country)",10,"https://evanwill.github.io/hearings-text/browse.html#u.s.%20(country)"
"sandpoint (city)",10,"https://evanwill.github.io/hearings-text/browse.html#sandpoint%20(city)"
"idaho county (county)",9,"https://evanwill.github.io/hearings-text/browse.html#idaho%20county%20(county)"
"pocatello (city)",9,"https://evanwill.github.io/hearings-text/browse.html#pocatello%20(city)"
"lemhis (wilderness)",9,"https://evanwill.github.io/hearings-text/browse.html#lemhis%20(wilderness)"
"utah (state)",9,"https://evanwill.github.io/hearings-text/browse.html#utah%20(state)"
"diamond peak (landform)",9,"https://evanwill.github.io/hearings-text/browse.html#diamond%20peak%20(landform)"
"sawtooths (landform)",9,"https://evanwill.github.io/hearings-text/browse.html#sawtooths%20(landform)"
"elk summit (landform)",9,"https://evanwill.github.io/hearings-text/browse.html#elk%20summit%20(landform)"
"boulder mountains (landform)",9,"https://evanwill.github.io/hearings-text/browse.html#boulder%20mountains%20(landform)"
"lost river range (landform)",8,"https://evanwill.github.io/hearings-text/browse.html#lost%20river%20range%20(landform)"
"mount naomi (landform)",8,"https://evanwill.github.io/hearings-text/browse.html#mount%20naomi%20(landform)"
"rapid river (stream)",8,"https://evanwill.github.io/hearings-text/browse.html#rapid%20river%20(stream)"
"naples, idaho",8,"https://evanwill.github.io/hearings-text/browse.html#naples,%20idaho"
"new york (state)",8,"https://evanwill.github.io/hearings-text/browse.html#new%20york%20(state)"
"peaks (landform)",8,"https://evanwill.github.io/hearings-text/browse.html#peaks%20(landform)"
"washington d.c. (city)",8,"https://evanwill.github.io/hearings-text/browse.html#washington%20d.c.%20(city)"
"boise river (stream)",8,"https://evanwill.github.io/hearings-text/browse.html#boise%20river%20(stream)"
"the salmo priest (wilderness)",8,"https://evanwill.github.io/hearings-text/browse.html#the%20salmo%20priest%20(wilderness)"
"bighorn weitas (wilderness)",8,"https://evanwill.github.io/hearings-text/browse.html#bighorn%20weitas%20(wilderness)"
"idaho wilderness core (wilderness)",8,"https://evanwill.github.io/hearings-text/browse.html#idaho%20wilderness%20core%20(wilderness)"
"payette crest (landform)",8,"https://evanwill.github.io/hearings-text/browse.html#payette%20crest%20(landform)"
"west big hole (wilderness)",7,"https://evanwill.github.io/hearings-text/browse.html#west%20big%20hole%20(wilderness)"
"the middle fork (stream)",7,"https://evanwill.github.io/hearings-text/browse.html#the%20middle%20fork%20(stream)"
"payette national forest (forest)",7,"https://evanwill.github.io/hearings-text/browse.html#payette%20national%20forest%20(forest)"
"river of no return wilderness (wilderness)",7,"https://evanwill.github.io/hearings-text/browse.html#river%20of%20no%20return%20wilderness%20(wilderness)"
"clearwater national forest (forest)",7,"https://evanwill.github.io/hearings-text/browse.html#clearwater%20national%20forest%20(forest)"
"steel mountain (landform)",7,"https://evanwill.github.io/hearings-text/browse.html#steel%20mountain%20(landform)"
"clearwater river (stream)",7,"https://evanwill.github.io/hearings-text/browse.html#clearwater%20river%20(stream)"
"boise national forest (forest)",7,"https://evanwill.github.io/hearings-text/browse.html#boise%20national%20forest%20(forest)"
"bear creek (stream)",7,"https://evanwill.github.io/hearings-text/browse.html#bear%20creek%20(stream)"
"elk city (city)",7,"https://evanwill.github.io/hearings-text/browse.html#elk%20city%20(city)"
"pahsimeroi (landform)",7,"https://evanwill.github.io/hearings-text/browse.html#pahsimeroi%20(landform)"
"canyon (landform)",7,"https://evanwill.github.io/hearings-text/browse.html#canyon%20(landform)"
"targhee national forest (forest)",7,"https://evanwill.github.io/hearings-text/browse.html#targhee%20national%20forest%20(forest)"
"salmon, idaho",6,"https://evanwill.github.io/hearings-text/browse.html#salmon,%20idaho"
"mallard creek (stream)",6,"https://evanwill.github.io/hearings-text/browse.html#mallard%20creek%20(stream)"
"the sawtooth national forest (forest)",6,"https://evanwill.github.io/hearings-text/browse.html#the%20sawtooth%20national%20forest%20(forest)"
"scotchman (landform)",6,"https://evanwill.github.io/hearings-text/browse.html#scotchman%20(landform)"
"scotchman peak (landform)",6,"https://evanwill.github.io/hearings-text/browse.html#scotchman%20peak%20(landform)"
"sawtooth national recreation area (wilderness)",6,"https://evanwill.github.io/hearings-text/browse.html#sawtooth%20national%20recreation%20area%20(wilderness)"
"the clearwater national forest (forest)",6,"https://evanwill.github.io/hearings-text/browse.html#the%20clearwater%20national%20forest%20(forest)"
"selway-bitterroot wilderness (wilderness)",6,"https://evanwill.github.io/hearings-text/browse.html#selway-bitterroot%20wilderness%20(wilderness)"
"payette forest (forest)",6,"https://evanwill.github.io/hearings-text/browse.html#payette%20forest%20(forest)"
"grangeville (city)",6,"https://evanwill.github.io/hearings-text/browse.html#grangeville%20(city)"
"white clouds wilderness area (wilderness)",6,"https://evanwill.github.io/hearings-text/browse.html#white%20clouds%20wilderness%20area%20(wilderness)"
"idaho panhandle national forest (forest)",6,"https://evanwill.github.io/hearings-text/browse.html#idaho%20panhandle%20national%20forest%20(forest)"
"the nez perce national forest (forest)",6,"https://evanwill.github.io/hearings-text/browse.html#the%20nez%20perce%20national%20forest%20(forest)"
"st. maries (city)",6,"https://evanwill.github.io/hearings-text/browse.html#st.%20maries%20(city)"
"targhee forest (forest)",6,"https://evanwill.github.io/hearings-text/browse.html#targhee%20forest%20(forest)"
"grandmother mountain (landform)",6,"https://evanwill.github.io/hearings-text/browse.html#grandmother%20mountain%20(landform)"
"blaine county (county)",6,"https://evanwill.github.io/hearings-text/browse.html#blaine%20county%20(county)"
"priest river (stream)",6,"https://evanwill.github.io/hearings-text/browse.html#priest%20river%20(stream)"
"overthrust belt (landform)",6,"https://evanwill.github.io/hearings-text/browse.html#overthrust%20belt%20(landform)"
"nation (country)",6,"https://evanwill.github.io/hearings-text/browse.html#nation%20(country)"
"lemhi (landform)",6,"https://evanwill.github.io/hearings-text/browse.html#lemhi%20(landform)"
"toboggan creek (stream)",6,"https://evanwill.github.io/hearings-text/browse.html#toboggan%20creek%20(stream)"
"canyon creek (stream)",6,"https://evanwill.github.io/hearings-text/browse.html#canyon%20creek%20(stream)"
"little wood river (stream)",5,"https://evanwill.github.io/hearings-text/browse.html#little%20wood%20river%20(stream)"
"french creek (stream)",5,"https://evanwill.github.io/hearings-text/browse.html#french%20creek%20(stream)"
"mccall, idaho",5,"https://evanwill.github.io/hearings-text/browse.html#mccall,%20idaho"
"tetons (landform)",5,"https://evanwill.github.io/hearings-text/browse.html#tetons%20(landform)"
"lick creek (stream)",5,"https://evanwill.github.io/hearings-text/browse.html#lick%20creek%20(stream)"
"st. joe (stream)",5,"https://evanwill.github.io/hearings-text/browse.html#st.%20joe%20(stream)"
"moyie springs (city)",5,"https://evanwill.github.io/hearings-text/browse.html#moyie%20springs%20(city)"
"st. maries, idaho",5,"https://evanwill.github.io/hearings-text/browse.html#st.%20maries,%20idaho"
"kellogg (city)",5,"https://evanwill.github.io/hearings-text/browse.html#kellogg%20(city)"
"priest lake (lake)",5,"https://evanwill.github.io/hearings-text/browse.html#priest%20lake%20(lake)"
"pennsylvania (state)",5,"https://evanwill.github.io/hearings-text/browse.html#pennsylvania%20(state)"
"fish creek (stream)",5,"https://evanwill.github.io/hearings-text/browse.html#fish%20creek%20(stream)"
"bargamin creek (stream)",5,"https://evanwill.github.io/hearings-text/browse.html#bargamin%20creek%20(stream)"
"orofino, idaho",5,"https://evanwill.github.io/hearings-text/browse.html#orofino,%20idaho"
"lemhi range (landform)",5,"https://evanwill.github.io/hearings-text/browse.html#lemhi%20range%20(landform)"
"pullman, washington",5,"https://evanwill.github.io/hearings-text/browse.html#pullman,%20washington"
"the little north fork (stream)",5,"https://evanwill.github.io/hearings-text/browse.html#the%20little%20north%20fork%20(stream)"
"the boise national forest (forest)",5,"https://evanwill.github.io/hearings-text/browse.html#the%20boise%20national%20forest%20(forest)"
"scott mountain (landform)",5,"https://evanwill.github.io/hearings-text/browse.html#scott%20mountain%20(landform)"
"mountain (landform)",5,"https://evanwill.github.io/hearings-text/browse.html#mountain%20(landform)"
"red mountain (landform)",5,"https://evanwill.github.io/hearings-text/browse.html#red%20mountain%20(landform)"
"benewah county (county)",4,"https://evanwill.github.io/hearings-text/browse.html#benewah%20county%20(county)"
"british columbia (state)",4,"https://evanwill.github.io/hearings-text/browse.html#british%20columbia%20(state)"
"new jersey (state)",4,"https://evanwill.github.io/hearings-text/browse.html#new%20jersey%20(state)"
"gospel hump wildneress (wilderness)",4,"https://evanwill.github.io/hearings-text/browse.html#gospel%20hump%20wildneress%20(wilderness)"
"salmon national forest (forest)",4,"https://evanwill.github.io/hearings-text/browse.html#salmon%20national%20forest%20(forest)"
"rocky mountain (landform)",4,"https://evanwill.github.io/hearings-text/browse.html#rocky%20mountain%20(landform)"
"colorado (state)",4,"https://evanwill.github.io/hearings-text/browse.html#colorado%20(state)"
"worm creek (stream)",4,"https://evanwill.github.io/hearings-text/browse.html#worm%20creek%20(stream)"
"scotchmans peak (landform)",4,"https://evanwill.github.io/hearings-text/browse.html#scotchmans%20peak%20(landform)"
"sagle, idaho",4,"https://evanwill.github.io/hearings-text/browse.html#sagle,%20idaho"
"moyie springs, idaho",4,"https://evanwill.github.io/hearings-text/browse.html#moyie%20springs,%20idaho"
"los angeles (city)",4,"https://evanwill.github.io/hearings-text/browse.html#los%20angeles%20(city)"
"ketchum (city)",4,"https://evanwill.github.io/hearings-text/browse.html#ketchum%20(city)"
"yuba river (stream)",4,"https://evanwill.github.io/hearings-text/browse.html#yuba%20river%20(stream)"
"great burn-cayuse (wilderness)",4,"https://evanwill.github.io/hearings-text/browse.html#great%20burn-cayuse%20(wilderness)"
"lochsa river (stream)",4,"https://evanwill.github.io/hearings-text/browse.html#lochsa%20river%20(stream)"
"new york city (city)",4,"https://evanwill.github.io/hearings-text/browse.html#new%20york%20city%20(city)"
"riggins (city)",4,"https://evanwill.github.io/hearings-text/browse.html#riggins%20(city)"
"running creek (stream)",4,"https://evanwill.github.io/hearings-text/browse.html#running%20creek%20(stream)"
"caribou (forest)",4,"https://evanwill.github.io/hearings-text/browse.html#caribou%20(forest)"
"upper priest lake (lake)",4,"https://evanwill.github.io/hearings-text/browse.html#upper%20priest%20lake%20(lake)"
"nez perce forest (forest)",4,"https://evanwill.github.io/hearings-text/browse.html#nez%20perce%20forest%20(forest)"
"alpine (stream)",4,"https://evanwill.github.io/hearings-text/browse.html#alpine%20(stream)"
"the south fork (stream)",4,"https://evanwill.github.io/hearings-text/browse.html#the%20south%20fork%20(stream)"
"pioneer mountains (landform)",4,"https://evanwill.github.io/hearings-text/browse.html#pioneer%20mountains%20(landform)"
"moose mountain (landform)",4,"https://evanwill.github.io/hearings-text/browse.html#moose%20mountain%20(landform)"
"county (county)",4,"https://evanwill.github.io/hearings-text/browse.html#county%20(county)"
"mount borah (landform)",4,"https://evanwill.github.io/hearings-text/browse.html#mount%20borah%20(landform)"
"michigan (state)",4,"https://evanwill.github.io/hearings-text/browse.html#michigan%20(state)"
"the targhee national forest (forest)",4,"https://evanwill.github.io/hearings-text/browse.html#the%20targhee%20national%20forest%20(forest)"
"pocatello, idaho",4,"https://evanwill.github.io/hearings-text/browse.html#pocatello,%20idaho"
"panhandle national forest (forest)",4,"https://evanwill.github.io/hearings-text/browse.html#panhandle%20national%20forest%20(forest)"
"challis (forest)",4,"https://evanwill.github.io/hearings-text/browse.html#challis%20(forest)"
"snake river (stream)",3,"https://evanwill.github.io/hearings-text/browse.html#snake%20river%20(stream)"
"clearwater forest (forest)",3,"https://evanwill.github.io/hearings-text/browse.html#clearwater%20forest%20(forest)"
"north lemhis (landform)",3,"https://evanwill.github.io/hearings-text/browse.html#north%20lemhis%20(landform)"
"louisiana (state)",3,"https://evanwill.github.io/hearings-text/browse.html#louisiana%20(state)"
"west mink creek (stream)",3,"https://evanwill.github.io/hearings-text/browse.html#west%20mink%20creek%20(stream)"
"yellow pine (city)",3,"https://evanwill.github.io/hearings-text/browse.html#yellow%20pine%20(city)"
"smith creek (stream)",3,"https://evanwill.github.io/hearings-text/browse.html#smith%20creek%20(stream)"
"red river district (forest)",3,"https://evanwill.github.io/hearings-text/browse.html#red%20river%20district%20(forest)"
"toboggan ridge (landform)",3,"https://evanwill.github.io/hearings-text/browse.html#toboggan%20ridge%20(landform)"
"mill creek (stream)",3,"https://evanwill.github.io/hearings-text/browse.html#mill%20creek%20(stream)"
"the borah peak (landform)",3,"https://evanwill.github.io/hearings-text/browse.html#the%20borah%20peak%20(landform)"
"parker ridge (landform)",3,"https://evanwill.github.io/hearings-text/browse.html#parker%20ridge%20(landform)"
"boulder creek (stream)",3,"https://evanwill.github.io/hearings-text/browse.html#boulder%20creek%20(stream)"
"selkirk mountains (landform)",3,"https://evanwill.github.io/hearings-text/browse.html#selkirk%20mountains%20(landform)"
"collins creek (stream)",3,"https://evanwill.github.io/hearings-text/browse.html#collins%20creek%20(stream)"
"ohio (state)",3,"https://evanwill.github.io/hearings-text/browse.html#ohio%20(state)"
"cache crest (landform)",3,"https://evanwill.github.io/hearings-text/browse.html#cache%20crest%20(landform)"
"middle fork (stream)",3,"https://evanwill.github.io/hearings-text/browse.html#middle%20fork%20(stream)"
"lakes butte (lake)",3,"https://evanwill.github.io/hearings-text/browse.html#lakes%20butte%20(lake)"
"minnesaka creek (stream)",3,"https://evanwill.github.io/hearings-text/browse.html#minnesaka%20creek%20(stream)"
"yellowstone national park (forest)",3,"https://evanwill.github.io/hearings-text/browse.html#yellowstone%20national%20park%20(forest)"
"hungary creek (stream)",3,"https://evanwill.github.io/hearings-text/browse.html#hungary%20creek%20(stream)"
"hoodoo great burn area (wilderness)",3,"https://evanwill.github.io/hearings-text/browse.html#hoodoo%20great%20burn%20area%20(wilderness)"
"elk city, idaho",3,"https://evanwill.github.io/hearings-text/browse.html#elk%20city,%20idaho"
"stump creek (stream)",3,"https://evanwill.github.io/hearings-text/browse.html#stump%20creek%20(stream)"
"yellowstone park (forest)",3,"https://evanwill.github.io/hearings-text/browse.html#yellowstone%20park%20(forest)"
"boundary countys (county)",3,"https://evanwill.github.io/hearings-text/browse.html#boundary%20countys%20(county)"
"north lemhi (landform)",3,"https://evanwill.github.io/hearings-text/browse.html#north%20lemhi%20(landform)"
"western slope (landform)",3,"https://evanwill.github.io/hearings-text/browse.html#western%20slope%20(landform)"
"arizona (state)",3,"https://evanwill.github.io/hearings-text/browse.html#arizona%20(state)"
"selway-bitterroot (landform)",3,"https://evanwill.github.io/hearings-text/browse.html#selway-bitterroot%20(landform)"
"dixie (city)",3,"https://evanwill.github.io/hearings-text/browse.html#dixie%20(city)"
"pullman (city)",3,"https://evanwill.github.io/hearings-text/browse.html#pullman%20(city)"
"clarkia (city)",3,"https://evanwill.github.io/hearings-text/browse.html#clarkia%20(city)"
"blaine county, idaho",3,"https://evanwill.github.io/hearings-text/browse.html#blaine%20county,%20idaho"
"clearwater county (county)",3,"https://evanwill.github.io/hearings-text/browse.html#clearwater%20county%20(county)"
"evanston (city)",3,"https://evanwill.github.io/hearings-text/browse.html#evanston%20(city)"
"nez perce national forest (forest)",3,"https://evanwill.github.io/hearings-text/browse.html#nez%20perce%20national%20forest%20(forest)"
"isabella creek (stream)",3,"https://evanwill.github.io/hearings-text/browse.html#isabella%20creek%20(stream)"
"custer county (county)",3,"https://evanwill.github.io/hearings-text/browse.html#custer%20county%20(county)"
"lemhi county (county)",3,"https://evanwill.github.io/hearings-text/browse.html#lemhi%20county%20(county)"
"kootenai county (county)",3,"https://evanwill.github.io/hearings-text/browse.html#kootenai%20county%20(county)"
"mink creek (stream)",3,"https://evanwill.github.io/hearings-text/browse.html#mink%20creek%20(stream)"
"lake pend oreille (lake)",3,"https://evanwill.github.io/hearings-text/browse.html#lake%20pend%20oreille%20(lake)"
"lime creek (stream)",3,"https://evanwill.github.io/hearings-text/browse.html#lime%20creek%20(stream)"
"kelly and cayuse creeks (stream)",3,"https://evanwill.github.io/hearings-text/browse.html#kelly%20and%20cayuse%20creeks%20(stream)"
"cataldo, idaho",3,"https://evanwill.github.io/hearings-text/browse.html#cataldo,%20idaho"
"texas (state)",3,"https://evanwill.github.io/hearings-text/browse.html#texas%20(state)"
"europe (continent)",3,"https://evanwill.github.io/hearings-text/browse.html#europe%20(continent)"
"lionhead (landform)",3,"https://evanwill.github.io/hearings-text/browse.html#lionhead%20(landform)"
"boulder-white clouds (landform)",3,"https://evanwill.github.io/hearings-text/browse.html#boulder-white%20clouds%20(landform)"
"boise forest (forest)",3,"https://evanwill.github.io/hearings-text/browse.html#boise%20forest%20(forest)"
"st. joe river (stream)",3,"https://evanwill.github.io/hearings-text/browse.html#st.%20joe%20river%20(stream)"
"priest river, idaho",3,"https://evanwill.github.io/hearings-text/browse.html#priest%20river,%20idaho"
"spokane (city)",3,"https://evanwill.github.io/hearings-text/browse.html#spokane%20(city)"
"sheep creek (stream)",3,"https://evanwill.github.io/hearings-text/browse.html#sheep%20creek%20(stream)"
"cache peak (landform)",3,"https://evanwill.github.io/hearings-text/browse.html#cache%20peak%20(landform)"
"massachusetts (state)",3,"https://evanwill.github.io/hearings-text/browse.html#massachusetts%20(state)"
"wallace, idaho",2,"https://evanwill.github.io/hearings-text/browse.html#wallace,%20idaho"
"illinois (state)",2,"https://evanwill.github.io/hearings-text/browse.html#illinois%20(state)"
"the coeur d'alene river (stream)",2,"https://evanwill.github.io/hearings-text/browse.html#the%20coeur%20d'alene%20river%20(stream)"
"the sawtooth national recreation area (forest)",2,"https://evanwill.github.io/hearings-text/browse.html#the%20sawtooth%20national%20recreation%20area%20(forest)"
"north america (continent)",2,"https://evanwill.github.io/hearings-text/browse.html#north%20america%20(continent)"
"snowbank mountain (landform)",2,"https://evanwill.github.io/hearings-text/browse.html#snowbank%20mountain%20(landform)"
"new england (region)",2,"https://evanwill.github.io/hearings-text/browse.html#new%20england%20(region)"
"porthill, idaho",2,"https://evanwill.github.io/hearings-text/browse.html#porthill,%20idaho"
"chicago (city)",2,"https://evanwill.github.io/hearings-text/browse.html#chicago%20(city)"
"twin falls (city)",2,"https://evanwill.github.io/hearings-text/browse.html#twin%20falls%20(city)"
"toboggan (stream)",2,"https://evanwill.github.io/hearings-text/browse.html#toboggan%20(stream)"
"palouse (landform)",2,"https://evanwill.github.io/hearings-text/browse.html#palouse%20(landform)"
"the salmon national forest (forest)",2,"https://evanwill.github.io/hearings-text/browse.html#the%20salmon%20national%20forest%20(forest)"
"sun valley (city)",2,"https://evanwill.github.io/hearings-text/browse.html#sun%20valley%20(city)"
"minnesaka (stream)",2,"https://evanwill.github.io/hearings-text/browse.html#minnesaka%20(stream)"
"burns creek (stream)",2,"https://evanwill.github.io/hearings-text/browse.html#burns%20creek%20(stream)"
"atlanta (city)",2,"https://evanwill.github.io/hearings-text/browse.html#atlanta%20(city)"
"leadore, idaho",2,"https://evanwill.github.io/hearings-text/browse.html#leadore,%20idaho"
"kelly creek district (stream)",2,"https://evanwill.github.io/hearings-text/browse.html#kelly%20creek%20district%20(stream)"
"palisades creek (stream)",2,"https://evanwill.github.io/hearings-text/browse.html#palisades%20creek%20(stream)"
"the west fork (stream)",2,"https://evanwill.github.io/hearings-text/browse.html#the%20west%20fork%20(stream)"
"the caribou national forest (forest)",2,"https://evanwill.github.io/hearings-text/browse.html#the%20caribou%20national%20forest%20(forest)"
"cow creek (stream)",2,"https://evanwill.github.io/hearings-text/browse.html#cow%20creek%20(stream)"
"vietnam (country)",2,"https://evanwill.github.io/hearings-text/browse.html#vietnam%20(country)"
"thompson creek (stream)",2,"https://evanwill.github.io/hearings-text/browse.html#thompson%20creek%20(stream)"
"headquarters (city)",2,"https://evanwill.github.io/hearings-text/browse.html#headquarters%20(city)"
"silver valley (landform)",2,"https://evanwill.github.io/hearings-text/browse.html#silver%20valley%20(landform)"
"long canyon-selkirk crest (wilderness)",2,"https://evanwill.github.io/hearings-text/browse.html#long%20canyon-selkirk%20crest%20(wilderness)"
"west virginia (state)",2,"https://evanwill.github.io/hearings-text/browse.html#west%20virginia%20(state)"
"smoky mountain (landform)",2,"https://evanwill.github.io/hearings-text/browse.html#smoky%20mountain%20(landform)"
"panhandle forest (forest)",2,"https://evanwill.github.io/hearings-text/browse.html#panhandle%20forest%20(forest)"
"parker creek (stream)",2,"https://evanwill.github.io/hearings-text/browse.html#parker%20creek%20(stream)"
"wild river (stream)",2,"https://evanwill.github.io/hearings-text/browse.html#wild%20river%20(stream)"
"needles peak (landform)",2,"https://evanwill.github.io/hearings-text/browse.html#needles%20peak%20(landform)"
"idaho wilderness (wilderness)",2,"https://evanwill.github.io/hearings-text/browse.html#idaho%20wilderness%20(wilderness)"
"lost river (stream)",2,"https://evanwill.github.io/hearings-text/browse.html#lost%20river%20(stream)"
"king mountain (landform)",2,"https://evanwill.github.io/hearings-text/browse.html#king%20mountain%20(landform)"
"florida (state)",2,"https://evanwill.github.io/hearings-text/browse.html#florida%20(state)"
"georgia (state)",2,"https://evanwill.github.io/hearings-text/browse.html#georgia%20(state)"
"long canyon selkirk-crest (landform)",2,"https://evanwill.github.io/hearings-text/browse.html#long%20canyon%20selkirk-crest%20(landform)"
"big lost river range (landform)",2,"https://evanwill.github.io/hearings-text/browse.html#big%20lost%20river%20range%20(landform)"
"troy, idaho",2,"https://evanwill.github.io/hearings-text/browse.html#troy,%20idaho"
"mountains (landform)",2,"https://evanwill.github.io/hearings-text/browse.html#mountains%20(landform)"
"delaware (state)",2,"https://evanwill.github.io/hearings-text/browse.html#delaware%20(state)"
"tenmile (stream)",2,"https://evanwill.github.io/hearings-text/browse.html#tenmile%20(stream)"
"grangeville, idaho",2,"https://evanwill.github.io/hearings-text/browse.html#grangeville,%20idaho"
"maryland (state)",2,"https://evanwill.github.io/hearings-text/browse.html#maryland%20(state)"
"cataldo (city)",2,"https://evanwill.github.io/hearings-text/browse.html#cataldo%20(city)"
"post falls (city)",2,"https://evanwill.github.io/hearings-text/browse.html#post%20falls%20(city)"
"redfish lake (lake)",2,"https://evanwill.github.io/hearings-text/browse.html#redfish%20lake%20(lake)"
"anderson ranch dam (dam/reservoir)",2,"https://evanwill.github.io/hearings-text/browse.html#anderson%20ranch%20dam%20(dam/reservoir)"
"smith ridge (landform)",2,"https://evanwill.github.io/hearings-text/browse.html#smith%20ridge%20(landform)"
"cleveland (city)",2,"https://evanwill.github.io/hearings-text/browse.html#cleveland%20(city)"
"eight mile (forest)",2,"https://evanwill.github.io/hearings-text/browse.html#eight%20mile%20(forest)"
"scott mountains (landform)",2,"https://evanwill.github.io/hearings-text/browse.html#scott%20mountains%20(landform)"
"hells canyon national recreation area (forest)",2,"https://evanwill.github.io/hearings-text/browse.html#hells%20canyon%20national%20recreation%20area%20(forest)"
"west meadow (forest)",2,"https://evanwill.github.io/hearings-text/browse.html#west%20meadow%20(forest)"
"the clear water forest (forest)",2,"https://evanwill.github.io/hearings-text/browse.html#the%20clear%20water%20forest%20(forest)"
"meadow creek (stream)",2,"https://evanwill.github.io/hearings-text/browse.html#meadow%20creek%20(stream)"
"pierce, idaho",2,"https://evanwill.github.io/hearings-text/browse.html#pierce,%20idaho"
"coeur d'alene river (stream)",2,"https://evanwill.github.io/hearings-text/browse.html#coeur%20d'alene%20river%20(stream)"
"valley county (county)",2,"https://evanwill.github.io/hearings-text/browse.html#valley%20county%20(county)"
"kamiah, idaho",2,"https://evanwill.github.io/hearings-text/browse.html#kamiah,%20idaho"
"secesh river (stream)",2,"https://evanwill.github.io/hearings-text/browse.html#secesh%20river%20(stream)"
"targhee pass (landform)",2,"https://evanwill.github.io/hearings-text/browse.html#targhee%20pass%20(landform)"
"smoky mountains (landform)",2,"https://evanwill.github.io/hearings-text/browse.html#smoky%20mountains%20(landform)"
"caribou forest (forest)",2,"https://evanwill.github.io/hearings-text/browse.html#caribou%20forest%20(forest)"
"sneakfoot meadows (forest)",2,"https://evanwill.github.io/hearings-text/browse.html#sneakfoot%20meadows%20(forest)"
"the no return wilderness (wilderness)",2,"https://evanwill.github.io/hearings-text/browse.html#the%20no%20return%20wilderness%20(wilderness)"
"main creek (stream)",2,"https://evanwill.github.io/hearings-text/browse.html#main%20creek%20(stream)"
"caribou county (county)",2,"https://evanwill.github.io/hearings-text/browse.html#caribou%20county%20(county)"
"caldwell, idaho",2,"https://evanwill.github.io/hearings-text/browse.html#caldwell,%20idaho"
"bonners (city)",2,"https://evanwill.github.io/hearings-text/browse.html#bonners%20(city)"
"kaniksu national forest (forest)",2,"https://evanwill.github.io/hearings-text/browse.html#kaniksu%20national%20forest%20(forest)"
"clearwater (stream)",2,"https://evanwill.github.io/hearings-text/browse.html#clearwater%20(stream)"
"black canyon (landform)",2,"https://evanwill.github.io/hearings-text/browse.html#black%20canyon%20(landform)"
"columbia (stream)",2,"https://evanwill.github.io/hearings-text/browse.html#columbia%20(stream)"
"indian creek (stream)",2,"https://evanwill.github.io/hearings-text/browse.html#indian%20creek%20(stream)"
"deadwood mountain  (landform)",2,"https://evanwill.github.io/hearings-text/browse.html#deadwood%20mountain%20%20(landform)"
"kingston (city)",2,"https://evanwill.github.io/hearings-text/browse.html#kingston%20(city)"
"salmon river breaks area (wilderness)",2,"https://evanwill.github.io/hearings-text/browse.html#salmon%20river%20breaks%20area%20(wilderness)"
"moose creek (stream)",2,"https://evanwill.github.io/hearings-text/browse.html#moose%20creek%20(stream)"
"pacific northwest (region)",2,"https://evanwill.github.io/hearings-text/browse.html#pacific%20northwest%20(region)"
"naples (city)",2,"https://evanwill.github.io/hearings-text/browse.html#naples%20(city)"
"hump wilderness area (wilderness)",2,"https://evanwill.github.io/hearings-text/browse.html#hump%20wilderness%20area%20(wilderness)"
"trinity mountain (landform)",2,"https://evanwill.github.io/hearings-text/browse.html#trinity%20mountain%20(landform)"
"warm creek (stream)",2,"https://evanwill.github.io/hearings-text/browse.html#warm%20creek%20(stream)"
"hells canyon (landform)",2,"https://evanwill.github.io/hearings-text/browse.html#hells%20canyon%20(landform)"
"england (country)",2,"https://evanwill.github.io/hearings-text/browse.html#england%20(country)"
"stanley, idaho",2,"https://evanwill.github.io/hearings-text/browse.html#stanley,%20idaho"
"snow peak (landform)",2,"https://evanwill.github.io/hearings-text/browse.html#snow%20peak%20(landform)"
"sawtooth forest (forest)",2,"https://evanwill.github.io/hearings-text/browse.html#sawtooth%20forest%20(forest)"
"pine creek (stream)",2,"https://evanwill.github.io/hearings-text/browse.html#pine%20creek%20(stream)"
"idaho national forest (forest)",2,"https://evanwill.github.io/hearings-text/browse.html#idaho%20national%20forest%20(forest)"
"fairfield (city)",2,"https://evanwill.github.io/hearings-text/browse.html#fairfield%20(city)"
"swan valley (city)",2,"https://evanwill.github.io/hearings-text/browse.html#swan%20valley%20(city)"
"parker canyon (landform)",2,"https://evanwill.github.io/hearings-text/browse.html#parker%20canyon%20(landform)"
"shoshone county (county)",2,"https://evanwill.github.io/hearings-text/browse.html#shoshone%20county%20(county)"
"long canyons (landform)",2,"https://evanwill.github.io/hearings-text/browse.html#long%20canyons%20(landform)"
"goat ridge (landform)",2,"https://evanwill.github.io/hearings-text/browse.html#goat%20ridge%20(landform)"
"palisades reservoir (lake)",2,"https://evanwill.github.io/hearings-text/browse.html#palisades%20reservoir%20(lake)"
"driggs (city)",2,"https://evanwill.github.io/hearings-text/browse.html#driggs%20(city)"
"mackey bar (campground)",2,"https://evanwill.github.io/hearings-text/browse.html#mackey%20bar%20(campground)"
"switzerland (country)",2,"https://evanwill.github.io/hearings-text/browse.html#switzerland%20(country)"
"jackson hole (city)",2,"https://evanwill.github.io/hearings-text/browse.html#jackson%20hole%20(city)"
"st. anthony (city)",2,"https://evanwill.github.io/hearings-text/browse.html#st.%20anthony%20(city)"
"jersey jack (landform)",2,"https://evanwill.github.io/hearings-text/browse.html#jersey%20jack%20(landform)"
"upper hazard lake (lake)",2,"https://evanwill.github.io/hearings-text/browse.html#upper%20hazard%20lake%20(lake)"
"grandjean (campground)",2,"https://evanwill.github.io/hearings-text/browse.html#grandjean%20(campground)"
"mississippi (state)",2,"https://evanwill.github.io/hearings-text/browse.html#mississippi%20(state)"
"lake (lake)",2,"https://evanwill.github.io/hearings-text/browse.html#lake%20(lake)"
"pioneer (landform)",2,"https://evanwill.github.io/hearings-text/browse.html#pioneer%20(landform)"
"heritage cedar grove (forest)",2,"https://evanwill.github.io/hearings-text/browse.html#heritage%20cedar%20grove%20(forest)"
"goldberg (landform)",2,"https://evanwill.github.io/hearings-text/browse.html#goldberg%20(landform)"
"elk mountain  (landform)",2,"https://evanwill.github.io/hearings-text/browse.html#elk%20mountain%20%20(landform)"
"heart lake (lake)",2,"https://evanwill.github.io/hearings-text/browse.html#heart%20lake%20(lake)"
"alpine lakes (lake)",2,"https://evanwill.github.io/hearings-text/browse.html#alpine%20lakes%20(lake)"
"henry lake (lake)",2,"https://evanwill.github.io/hearings-text/browse.html#henry%20lake%20(lake)"
"goat mountain (landform)",2,"https://evanwill.github.io/hearings-text/browse.html#goat%20mountain%20(landform)"
"iowa (state)",2,"https://evanwill.github.io/hearings-text/browse.html#iowa%20(state)"
"ada county (county)",2,"https://evanwill.github.io/hearings-text/browse.html#ada%20county%20(county)"
"east fork (stream)",2,"https://evanwill.github.io/hearings-text/browse.html#east%20fork%20(stream)"
"little boulder creek (stream)",2,"https://evanwill.github.io/hearings-text/browse.html#little%20boulder%20creek%20(stream)"
"cayuse-kelly creek (stream)",2,"https://evanwill.github.io/hearings-text/browse.html#cayuse-kelly%20creek%20(stream)"
"canada (country)",2,"https://evanwill.github.io/hearings-text/browse.html#canada%20(country)"
"yellowstone (forest)",2,"https://evanwill.github.io/hearings-text/browse.html#yellowstone%20(forest)"
"white sand creek (stream)",1,"https://evanwill.github.io/hearings-text/browse.html#white%20sand%20creek%20(stream)"
"fort hall indian reservation (indian reservation)",1,"https://evanwill.github.io/hearings-text/browse.html#fort%20hall%20indian%20reservation%20(indian%20reservation)"
"council, cutty mountain (landform)",1,"https://evanwill.github.io/hearings-text/browse.html#council,%20cutty%20mountain%20(landform)"
"robinson creek (stream)",1,"https://evanwill.github.io/hearings-text/browse.html#robinson%20creek%20(stream)"
"bald mountain (landform)",1,"https://evanwill.github.io/hearings-text/browse.html#bald%20mountain%20(landform)"
"weiser river (stream)",1,"https://evanwill.github.io/hearings-text/browse.html#weiser%20river%20(stream)"
"big elk mountain (landform)",1,"https://evanwill.github.io/hearings-text/browse.html#big%20elk%20mountain%20(landform)"
"the weiser river (stream)",1,"https://evanwill.github.io/hearings-text/browse.html#the%20weiser%20river%20(stream)"
"mountain home air force base (city)",1,"https://evanwill.github.io/hearings-text/browse.html#mountain%20home%20air%20force%20base%20(city)"
"corral horse basin (wilderness)",1,"https://evanwill.github.io/hearings-text/browse.html#corral%20horse%20basin%20(wilderness)"
"grand tetons (landform)",1,"https://evanwill.github.io/hearings-text/browse.html#grand%20tetons%20(landform)"
"caribou city (city)",1,"https://evanwill.github.io/hearings-text/browse.html#caribou%20city%20(city)"
"rexburg (city)",1,"https://evanwill.github.io/hearings-text/browse.html#rexburg%20(city)"
"jerry peak west (landform)",1,"https://evanwill.github.io/hearings-text/browse.html#jerry%20peak%20west%20(landform)"
"black butte (wilderness)",1,"https://evanwill.github.io/hearings-text/browse.html#black%20butte%20(wilderness)"
"poker creek (stream)",1,"https://evanwill.github.io/hearings-text/browse.html#poker%20creek%20(stream)"
"craters of the moon national monument (forest)",1,"https://evanwill.github.io/hearings-text/browse.html#craters%20of%20the%20moon%20national%20monument%20(forest)"
"poker peak (landform)",1,"https://evanwill.github.io/hearings-text/browse.html#poker%20peak%20(landform)"
"salmon falls creek (stream)",1,"https://evanwill.github.io/hearings-text/browse.html#salmon%20falls%20creek%20(stream)"
"boulder lake (lake)",1,"https://evanwill.github.io/hearings-text/browse.html#boulder%20lake%20(lake)"
"yellowstone national park to state highway 33 (forest)",1,"https://evanwill.github.io/hearings-text/browse.html#yellowstone%20national%20park%20to%20state%20highway%2033%20(forest)"
"sawtooth mountain wilderness (wilderness)",1,"https://evanwill.github.io/hearings-text/browse.html#sawtooth%20mountain%20wilderness%20(wilderness)"
"mount jefferson (landform)",1,"https://evanwill.github.io/hearings-text/browse.html#mount%20jefferson%20(landform)"
"great burn kelly creek (wilderness)",1,"https://evanwill.github.io/hearings-text/browse.html#great%20burn%20kelly%20creek%20(wilderness)"
"missouri (state)",1,"https://evanwill.github.io/hearings-text/browse.html#missouri%20(state)"
"jedidiah smith wilderness (wilderness)",1,"https://evanwill.github.io/hearings-text/browse.html#jedidiah%20smith%20wilderness%20(wilderness)"
"st. louis (city)",1,"https://evanwill.github.io/hearings-text/browse.html#st.%20louis%20(city)"
"the challis national forest: pioneer mountain (forest)",1,"https://evanwill.github.io/hearings-text/browse.html#the%20challis%20national%20forest:%20pioneer%20mountain%20(forest)"
"milltown (city)",1,"https://evanwill.github.io/hearings-text/browse.html#milltown%20(city)"
"the lime creek (stream)",1,"https://evanwill.github.io/hearings-text/browse.html#the%20lime%20creek%20(stream)"
"soldier mountains (landform)",1,"https://evanwill.github.io/hearings-text/browse.html#soldier%20mountains%20(landform)"
"rainy creek (stream)",1,"https://evanwill.github.io/hearings-text/browse.html#rainy%20creek%20(stream)"
"south boise (city)",1,"https://evanwill.github.io/hearings-text/browse.html#south%20boise%20(city)"
"blue ridge mountains (landform)",1,"https://evanwill.github.io/hearings-text/browse.html#blue%20ridge%20mountains%20(landform)"
"north fork of the boise river (stream)",1,"https://evanwill.github.io/hearings-text/browse.html#north%20fork%20of%20the%20boise%20river%20(stream)"
"blueridge parkway (landform)",1,"https://evanwill.github.io/hearings-text/browse.html#blueridge%20parkway%20(landform)"
"minnesota (state)",1,"https://evanwill.github.io/hearings-text/browse.html#minnesota%20(state)"
"granite peaks (landform)",1,"https://evanwill.github.io/hearings-text/browse.html#granite%20peaks%20(landform)"
"the pioneer mountains (landform)",1,"https://evanwill.github.io/hearings-text/browse.html#the%20pioneer%20mountains%20(landform)"
"wood river (stream)",1,"https://evanwill.github.io/hearings-text/browse.html#wood%20river%20(stream)"
"boulder-white clouds (wilderness)",1,"https://evanwill.github.io/hearings-text/browse.html#boulder-white%20clouds%20(wilderness)"
"arrowrock reservoir (dam/reservoir)",1,"https://evanwill.github.io/hearings-text/browse.html#arrowrock%20reservoir%20(dam/reservoir)"
"black dome (landform)",1,"https://evanwill.github.io/hearings-text/browse.html#black%20dome%20(landform)"
"lost river sinks (stream)",1,"https://evanwill.github.io/hearings-text/browse.html#lost%20river%20sinks%20(stream)"
"yosemite (forest)",1,"https://evanwill.github.io/hearings-text/browse.html#yosemite%20(forest)"
"western overthrust belt (wilderness)",1,"https://evanwill.github.io/hearings-text/browse.html#western%20overthrust%20belt%20(wilderness)"
"canyon county (county)",1,"https://evanwill.github.io/hearings-text/browse.html#canyon%20county%20(county)"
"portneuf valley (landform)",1,"https://evanwill.github.io/hearings-text/browse.html#portneuf%20valley%20(landform)"
"russia (country)",1,"https://evanwill.github.io/hearings-text/browse.html#russia%20(country)"
"island park (city)",1,"https://evanwill.github.io/hearings-text/browse.html#island%20park%20(city)"
"centennial mountains (landform)",1,"https://evanwill.github.io/hearings-text/browse.html#centennial%20mountains%20(landform)"
"greater yellowstone (forest)",1,"https://evanwill.github.io/hearings-text/browse.html#greater%20yellowstone%20(forest)"
"mexico (country)",1,"https://evanwill.github.io/hearings-text/browse.html#mexico%20(country)"
"big creek (stream)",1,"https://evanwill.github.io/hearings-text/browse.html#big%20creek%20(stream)"
"gospel hump and council mountain (landform)",1,"https://evanwill.github.io/hearings-text/browse.html#gospel%20hump%20and%20council%20mountain%20(landform)"
"smokey canyon (landform)",1,"https://evanwill.github.io/hearings-text/browse.html#smokey%20canyon%20(landform)"
"smoky mountains (wilderness)",1,"https://evanwill.github.io/hearings-text/browse.html#smoky%20mountains%20(wilderness)"
"italian peaks (landform)",1,"https://evanwill.github.io/hearings-text/browse.html#italian%20peaks%20(landform)"
"lick creek north (stream)",1,"https://evanwill.github.io/hearings-text/browse.html#lick%20creek%20north%20(stream)"
"loon mountains (landform)",1,"https://evanwill.github.io/hearings-text/browse.html#loon%20mountains%20(landform)"
"granite lake reservoir (lake)",1,"https://evanwill.github.io/hearings-text/browse.html#granite%20lake%20reservoir%20(lake)"
"pinnacle peak (landform)",1,"https://evanwill.github.io/hearings-text/browse.html#pinnacle%20peak%20(landform)"
"upper snake river valley (landform)",1,"https://evanwill.github.io/hearings-text/browse.html#upper%20snake%20river%20valley%20(landform)"
"elk meadows (landform)",1,"https://evanwill.github.io/hearings-text/browse.html#elk%20meadows%20(landform)"
"great yellowstone ecosystem (forest)",1,"https://evanwill.github.io/hearings-text/browse.html#great%20yellowstone%20ecosystem%20(forest)"
"dubois (city)",1,"https://evanwill.github.io/hearings-text/browse.html#dubois%20(city)"
"the borah peaks (landform)",1,"https://evanwill.github.io/hearings-text/browse.html#the%20borah%20peaks%20(landform)"
"coffee cup lake (lake)",1,"https://evanwill.github.io/hearings-text/browse.html#coffee%20cup%20lake%20(lake)"
"carbon county (county)",1,"https://evanwill.github.io/hearings-text/browse.html#carbon%20county%20(county)"
"clear creek field (landform)",1,"https://evanwill.github.io/hearings-text/browse.html#clear%20creek%20field%20(landform)"
"grays lake (lake)",1,"https://evanwill.github.io/hearings-text/browse.html#grays%20lake%20(lake)"
"aransas pass (stream)",1,"https://evanwill.github.io/hearings-text/browse.html#aransas%20pass%20(stream)"
"rainbow lakes (lake)",1,"https://evanwill.github.io/hearings-text/browse.html#rainbow%20lakes%20(lake)"
"persian gulf (region)",1,"https://evanwill.github.io/hearings-text/browse.html#persian%20gulf%20(region)"
"sawtooth mountains (landform)",1,"https://evanwill.github.io/hearings-text/browse.html#sawtooth%20mountains%20(landform)"
"lionshead (landform)",1,"https://evanwill.github.io/hearings-text/browse.html#lionshead%20(landform)"
"nebraska (state)",1,"https://evanwill.github.io/hearings-text/browse.html#nebraska%20(state)"
"gams mountain (landform)",1,"https://evanwill.github.io/hearings-text/browse.html#gams%20mountain%20(landform)"
"seattle (city)",1,"https://evanwill.github.io/hearings-text/browse.html#seattle%20(city)"
"granite mountain (landform)",1,"https://evanwill.github.io/hearings-text/browse.html#granite%20mountain%20(landform)"
"germania creek (stream)",1,"https://evanwill.github.io/hearings-text/browse.html#germania%20creek%20(stream)"
"twin lakes (lake)",1,"https://evanwill.github.io/hearings-text/browse.html#twin%20lakes%20(lake)"
"fisher creek (stream)",1,"https://evanwill.github.io/hearings-text/browse.html#fisher%20creek%20(stream)"
"corn creek (stream)",1,"https://evanwill.github.io/hearings-text/browse.html#corn%20creek%20(stream)"
"lemhi valley (landform)",1,"https://evanwill.github.io/hearings-text/browse.html#lemhi%20valley%20(landform)"
"burley (city)",1,"https://evanwill.github.io/hearings-text/browse.html#burley%20(city)"
"payette lake (lake)",1,"https://evanwill.github.io/hearings-text/browse.html#payette%20lake%20(lake)"
"lemhi river (stream)",1,"https://evanwill.github.io/hearings-text/browse.html#lemhi%20river%20(stream)"
"north lemhi range (landform)",1,"https://evanwill.github.io/hearings-text/browse.html#north%20lemhi%20range%20(landform)"
"owyhee county (county)",1,"https://evanwill.github.io/hearings-text/browse.html#owyhee%20county%20(county)"
"upper lemhi river (stream)",1,"https://evanwill.github.io/hearings-text/browse.html#upper%20lemhi%20river%20(stream)"
"west yellowstone (forest)",1,"https://evanwill.github.io/hearings-text/browse.html#west%20yellowstone%20(forest)"
"dickey peak (landform)",1,"https://evanwill.github.io/hearings-text/browse.html#dickey%20peak%20(landform)"
"pass creek summit (landform)",1,"https://evanwill.github.io/hearings-text/browse.html#pass%20creek%20summit%20(landform)"
"deadwood, boise river (stream)",1,"https://evanwill.github.io/hearings-text/browse.html#deadwood,%20boise%20river%20(stream)"
"kelley creek-cayouse river (stream)",1,"https://evanwill.github.io/hearings-text/browse.html#kelley%20creek-cayouse%20river%20(stream)"
"kelly creek watershed (stream)",1,"https://evanwill.github.io/hearings-text/browse.html#kelly%20creek%20watershed%20(stream)"
"lower kelly creek (stream)",1,"https://evanwill.github.io/hearings-text/browse.html#lower%20kelly%20creek%20(stream)"
"hells half acre (landform)",1,"https://evanwill.github.io/hearings-text/browse.html#hells%20half%20acre%20(landform)"
"salt lake valley (landform)",1,"https://evanwill.github.io/hearings-text/browse.html#salt%20lake%20valley%20(landform)"
"the yellowstone park (wilderness)",1,"https://evanwill.github.io/hearings-text/browse.html#the%20yellowstone%20park%20(wilderness)"
"creekneedles (campground)",1,"https://evanwill.github.io/hearings-text/browse.html#creekneedles%20(campground)"
"mount whitney (landform)",1,"https://evanwill.github.io/hearings-text/browse.html#mount%20whitney%20(landform)"
"hamer (city)",1,"https://evanwill.github.io/hearings-text/browse.html#hamer%20(city)"
"timber river (stream)",1,"https://evanwill.github.io/hearings-text/browse.html#timber%20river%20(stream)"
"soda springs (city)",1,"https://evanwill.github.io/hearings-text/browse.html#soda%20springs%20(city)"
"ashton (city)",1,"https://evanwill.github.io/hearings-text/browse.html#ashton%20(city)"
"salmon river wilderness (wilderness)",1,"https://evanwill.github.io/hearings-text/browse.html#salmon%20river%20wilderness%20(wilderness)"
"rhode island (state)",1,"https://evanwill.github.io/hearings-text/browse.html#rhode%20island%20(state)"
"brush creek flat (campground)",1,"https://evanwill.github.io/hearings-text/browse.html#brush%20creek%20flat%20(campground)"
"the lemhi county (county)",1,"https://evanwill.github.io/hearings-text/browse.html#the%20lemhi%20county%20(county)"
"great burns/cayuse (wilderness)",1,"https://evanwill.github.io/hearings-text/browse.html#great%20burns/cayuse%20(wilderness)"
"park creek (stream)",1,"https://evanwill.github.io/hearings-text/browse.html#park%20creek%20(stream)"
"boise- yuba river (stream)",1,"https://evanwill.github.io/hearings-text/browse.html#boise-%20yuba%20river%20(stream)"
"falkenberry lake (lake)",1,"https://evanwill.github.io/hearings-text/browse.html#falkenberry%20lake%20(lake)"
"leaterman peaks (landform)",1,"https://evanwill.github.io/hearings-text/browse.html#leaterman%20peaks%20(landform)"
"worm creeks (stream)",1,"https://evanwill.github.io/hearings-text/browse.html#worm%20creeks%20(stream)"
"the lick creek (stream)",1,"https://evanwill.github.io/hearings-text/browse.html#the%20lick%20creek%20(stream)"
"mecca (city)",1,"https://evanwill.github.io/hearings-text/browse.html#mecca%20(city)"
"loon creek (stream)",1,"https://evanwill.github.io/hearings-text/browse.html#loon%20creek%20(stream)"
"kentucky (state)",1,"https://evanwill.github.io/hearings-text/browse.html#kentucky%20(state)"
"castle peak (landform)",1,"https://evanwill.github.io/hearings-text/browse.html#castle%20peak%20(landform)"
"quebec (city)",1,"https://evanwill.github.io/hearings-text/browse.html#quebec%20(city)"
"the west fork of (stream)",1,"https://evanwill.github.io/hearings-text/browse.html#the%20west%20fork%20of%20(stream)"
"snake river range (landform)",1,"https://evanwill.github.io/hearings-text/browse.html#snake%20river%20range%20(landform)"
"nevada (state)",1,"https://evanwill.github.io/hearings-text/browse.html#nevada%20(state)"
"unguava bay (stream)",1,"https://evanwill.github.io/hearings-text/browse.html#unguava%20bay%20(stream)"
"patterson creek (stream)",1,"https://evanwill.github.io/hearings-text/browse.html#patterson%20creek%20(stream)"
"lemhi mountain range (landform)",1,"https://evanwill.github.io/hearings-text/browse.html#lemhi%20mountain%20range%20(landform)"
"east fork pasture creek (stream)",1,"https://evanwill.github.io/hearings-text/browse.html#east%20fork%20pasture%20creek%20(stream)"
"phoenix (city)",1,"https://evanwill.github.io/hearings-text/browse.html#phoenix%20(city)"
"tennessee (state)",1,"https://evanwill.github.io/hearings-text/browse.html#tennessee%20(state)"
"the superstition wilderness area (wilderness)",1,"https://evanwill.github.io/hearings-text/browse.html#the%20superstition%20wilderness%20area%20(wilderness)"
"barns mountain (landform)",1,"https://evanwill.github.io/hearings-text/browse.html#barns%20mountain%20(landform)"
"the great george river (stream)",1,"https://evanwill.github.io/hearings-text/browse.html#the%20great%20george%20river%20(stream)"
"portland (city)",1,"https://evanwill.github.io/hearings-text/browse.html#portland%20(city)"
"kelley brook (stream)",1,"https://evanwill.github.io/hearings-text/browse.html#kelley%20brook%20(stream)"
"the boise forest (forest)",1,"https://evanwill.github.io/hearings-text/browse.html#the%20boise%20forest%20(forest)"
"salt lake (city)",1,"https://evanwill.github.io/hearings-text/browse.html#salt%20lake%20(city)"
"garn mountain (landform)",1,"https://evanwill.github.io/hearings-text/browse.html#garn%20mountain%20(landform)"
"pahsimeroi (stream)",1,"https://evanwill.github.io/hearings-text/browse.html#pahsimeroi%20(stream)"
"japan (country)",1,"https://evanwill.github.io/hearings-text/browse.html#japan%20(country)"
"stroud creek (stream)",1,"https://evanwill.github.io/hearings-text/browse.html#stroud%20creek%20(stream)"
"everson creek (stream)",1,"https://evanwill.github.io/hearings-text/browse.html#everson%20creek%20(stream)"
"porcupine creek (stream)",1,"https://evanwill.github.io/hearings-text/browse.html#porcupine%20creek%20(stream)"
"leadore community (city)",1,"https://evanwill.github.io/hearings-text/browse.html#leadore%20community%20(city)"
"deadwood river (stream)",1,"https://evanwill.github.io/hearings-text/browse.html#deadwood%20river%20(stream)"
"the bear creek (stream)",1,"https://evanwill.github.io/hearings-text/browse.html#the%20bear%20creek%20(stream)"
"burns canyon (landform)",1,"https://evanwill.github.io/hearings-text/browse.html#burns%20canyon%20(landform)"
"beaverhead mountains (landform)",1,"https://evanwill.github.io/hearings-text/browse.html#beaverhead%20mountains%20(landform)"
"palisades district (landform)",1,"https://evanwill.github.io/hearings-text/browse.html#palisades%20district%20(landform)"
"steel mountain, red mountains (landform)",1,"https://evanwill.github.io/hearings-text/browse.html#steel%20mountain,%20red%20mountains%20(landform)"
"black canyon area (landform)",1,"https://evanwill.github.io/hearings-text/browse.html#black%20canyon%20area%20(landform)"
"conda valley (landform)",1,"https://evanwill.github.io/hearings-text/browse.html#conda%20valley%20(landform)"
"silver creek plunge (campground)",1,"https://evanwill.github.io/hearings-text/browse.html#silver%20creek%20plunge%20(campground)"
"the challis forest (forest)",1,"https://evanwill.github.io/hearings-text/browse.html#the%20challis%20forest%20(forest)"
"the garns mountain roadless areas (wilderness)",1,"https://evanwill.github.io/hearings-text/browse.html#the%20garns%20mountain%20roadless%20areas%20(wilderness)"
"diamond peak area (landform)",1,"https://evanwill.github.io/hearings-text/browse.html#diamond%20peak%20area%20(landform)"
"jump off (landform)",1,"https://evanwill.github.io/hearings-text/browse.html#jump%20off%20(landform)"
"shaw mountain (landform)",1,"https://evanwill.github.io/hearings-text/browse.html#shaw%20mountain%20(landform)"
"himalayas (landform)",1,"https://evanwill.github.io/hearings-text/browse.html#himalayas%20(landform)"
"tigris and euphrates rivers (stream)",1,"https://evanwill.github.io/hearings-text/browse.html#tigris%20and%20euphrates%20rivers%20(stream)"
"persia (region)",1,"https://evanwill.github.io/hearings-text/browse.html#persia%20(region)"
"babylon (city)",1,"https://evanwill.github.io/hearings-text/browse.html#babylon%20(city)"
"iran (country)",1,"https://evanwill.github.io/hearings-text/browse.html#iran%20(country)"
"iraq (country)",1,"https://evanwill.github.io/hearings-text/browse.html#iraq%20(country)"
"amazon (forest)",1,"https://evanwill.github.io/hearings-text/browse.html#amazon%20(forest)"
"clark county (county)",1,"https://evanwill.github.io/hearings-text/browse.html#clark%20county%20(county)"
"southern lemhis (landform)",1,"https://evanwill.github.io/hearings-text/browse.html#southern%20lemhis%20(landform)"
"tyler peak (landform)",1,"https://evanwill.github.io/hearings-text/browse.html#tyler%20peak%20(landform)"
"lemhi mountains (landform)",1,"https://evanwill.github.io/hearings-text/browse.html#lemhi%20mountains%20(landform)"
"saddle mountains  (landform)",1,"https://evanwill.github.io/hearings-text/browse.html#saddle%20mountains%20%20(landform)"
"tetonia (city)",1,"https://evanwill.github.io/hearings-text/browse.html#tetonia%20(city)"
"leadore (city)",1,"https://evanwill.github.io/hearings-text/browse.html#leadore%20(city)"
"leadore district (city)",1,"https://evanwill.github.io/hearings-text/browse.html#leadore%20district%20(city)"
"swan basin (lake)",1,"https://evanwill.github.io/hearings-text/browse.html#swan%20basin%20(lake)"
"hayden (city)",1,"https://evanwill.github.io/hearings-text/browse.html#hayden%20(city)"
"leadore county (county)",1,"https://evanwill.github.io/hearings-text/browse.html#leadore%20county%20(county)"
"big eight mile (forest)",1,"https://evanwill.github.io/hearings-text/browse.html#big%20eight%20mile%20(forest)"
"dog creek (stream)",1,"https://evanwill.github.io/hearings-text/browse.html#dog%20creek%20(stream)"
"rauiey creek (stream)",1,"https://evanwill.github.io/hearings-text/browse.html#rauiey%20creek%20(stream)"
"elk creek (stream)",1,"https://evanwill.github.io/hearings-text/browse.html#elk%20creek%20(stream)"
"smokey hollow (campground)",1,"https://evanwill.github.io/hearings-text/browse.html#smokey%20hollow%20(campground)"
"terreton (city)",1,"https://evanwill.github.io/hearings-text/browse.html#terreton%20(city)"
"game creek (stream)",1,"https://evanwill.github.io/hearings-text/browse.html#game%20creek%20(stream)"
"thousand springs (stream)",1,"https://evanwill.github.io/hearings-text/browse.html#thousand%20springs%20(stream)"
"burbank (stream)",1,"https://evanwill.github.io/hearings-text/browse.html#burbank%20(stream)"
"green mountain (landform)",1,"https://evanwill.github.io/hearings-text/browse.html#green%20mountain%20(landform)"
"mosquito creek (stream)",1,"https://evanwill.github.io/hearings-text/browse.html#mosquito%20creek%20(stream)"
"siddoway fork (stream)",1,"https://evanwill.github.io/hearings-text/browse.html#siddoway%20fork%20(stream)"
"bell mountains (landform)",1,"https://evanwill.github.io/hearings-text/browse.html#bell%20mountains%20(landform)"
"black canyon trail (trail)",1,"https://evanwill.github.io/hearings-text/browse.html#black%20canyon%20trail%20(trail)"
"swiss alps (landform)",1,"https://evanwill.github.io/hearings-text/browse.html#swiss%20alps%20(landform)"
"wood river valley (landform)",1,"https://evanwill.github.io/hearings-text/browse.html#wood%20river%20valley%20(landform)"
"alabama (state)",1,"https://evanwill.github.io/hearings-text/browse.html#alabama%20(state)"
"hawaii (state)",1,"https://evanwill.github.io/hearings-text/browse.html#hawaii%20(state)"
"smoky mountain wilderness (wilderness)",1,"https://evanwill.github.io/hearings-text/browse.html#smoky%20mountain%20wilderness%20(wilderness)"
"trapper peak (landform)",1,"https://evanwill.github.io/hearings-text/browse.html#trapper%20peak%20(landform)"
"picabo (city)",1,"https://evanwill.github.io/hearings-text/browse.html#picabo%20(city)"
"detroit (city)",1,"https://evanwill.github.io/hearings-text/browse.html#detroit%20(city)"
"whitney canyon (landform)",1,"https://evanwill.github.io/hearings-text/browse.html#whitney%20canyon%20(landform)"
"cabinet mountain wilderness (landform)",1,"https://evanwill.github.io/hearings-text/browse.html#cabinet%20mountain%20wilderness%20(landform)"
"thrust belt (landform)",1,"https://evanwill.github.io/hearings-text/browse.html#thrust%20belt%20(landform)"
"black tail mountain (landform)",1,"https://evanwill.github.io/hearings-text/browse.html#black%20tail%20mountain%20(landform)"
"priest river wild (stream)",1,"https://evanwill.github.io/hearings-text/browse.html#priest%20river%20wild%20(stream)"
"priest lake (city)",1,"https://evanwill.github.io/hearings-text/browse.html#priest%20lake%20(city)"
"new hampshire (state)",1,"https://evanwill.github.io/hearings-text/browse.html#new%20hampshire%20(state)"
"little grass mountain (landform)",1,"https://evanwill.github.io/hearings-text/browse.html#little%20grass%20mountain%20(landform)"
"the kelly creek (stream)",1,"https://evanwill.github.io/hearings-text/browse.html#the%20kelly%20creek%20(stream)"
"columbia river (stream)",1,"https://evanwill.github.io/hearings-text/browse.html#columbia%20river%20(stream)"
"the cache river (stream)",1,"https://evanwill.github.io/hearings-text/browse.html#the%20cache%20river%20(stream)"
"bear lake (lake)",1,"https://evanwill.github.io/hearings-text/browse.html#bear%20lake%20(lake)"
"korea (country)",1,"https://evanwill.github.io/hearings-text/browse.html#korea%20(country)"
"victorville (city)",1,"https://evanwill.github.io/hearings-text/browse.html#victorville%20(city)"
"mojave desert (landform)",1,"https://evanwill.github.io/hearings-text/browse.html#mojave%20desert%20(landform)"
"rock creek park (city park)",1,"https://evanwill.github.io/hearings-text/browse.html#rock%20creek%20park%20(city%20park)"
"hayden lake (city)",1,"https://evanwill.github.io/hearings-text/browse.html#hayden%20lake%20(city)"
"the boise na forest (forest)",1,"https://evanwill.github.io/hearings-text/browse.html#the%20boise%20na%20forest%20(forest)"
"bob marshall wilderness (forest)",1,"https://evanwill.github.io/hearings-text/browse.html#bob%20marshall%20wilderness%20(forest)"
"boise valley (landform)",1,"https://evanwill.github.io/hearings-text/browse.html#boise%20valley%20(landform)"
"snow peak (wilderness)",1,"https://evanwill.github.io/hearings-text/browse.html#snow%20peak%20(wilderness)"
"chamberlin mountain (landform)",1,"https://evanwill.github.io/hearings-text/browse.html#chamberlin%20mountain%20(landform)"
"adams (county)",1,"https://evanwill.github.io/hearings-text/browse.html#adams%20(county)"
"cutoff lake (lake)",1,"https://evanwill.github.io/hearings-text/browse.html#cutoff%20lake%20(lake)"
"midvale (city)",1,"https://evanwill.github.io/hearings-text/browse.html#midvale%20(city)"
"lake peaks (landform)",1,"https://evanwill.github.io/hearings-text/browse.html#lake%20peaks%20(landform)"
"the eneas ridge (landform)",1,"https://evanwill.github.io/hearings-text/browse.html#the%20eneas%20ridge%20(landform)"
"smith lake (lake)",1,"https://evanwill.github.io/hearings-text/browse.html#smith%20lake%20(lake)"
"washington county (county)",1,"https://evanwill.github.io/hearings-text/browse.html#washington%20county%20(county)"
"cassia (county)",1,"https://evanwill.github.io/hearings-text/browse.html#cassia%20(county)"
"buffalo hump (stream)",1,"https://evanwill.github.io/hearings-text/browse.html#buffalo%20hump%20(stream)"
"coeur d'alene national forest (forest)",1,"https://evanwill.github.io/hearings-text/browse.html#coeur%20d'alene%20national%20forest%20(forest)"
"sage crest (landform)",1,"https://evanwill.github.io/hearings-text/browse.html#sage%20crest%20(landform)"
"enaville (city)",1,"https://evanwill.github.io/hearings-text/browse.html#enaville%20(city)"
"seven devils mountain  (landform)",1,"https://evanwill.github.io/hearings-text/browse.html#seven%20devils%20mountain%20%20(landform)"
"colville (city)",1,"https://evanwill.github.io/hearings-text/browse.html#colville%20(city)"
"trinity lakes (lake)",1,"https://evanwill.github.io/hearings-text/browse.html#trinity%20lakes%20(lake)"
"river range (landform)",1,"https://evanwill.github.io/hearings-text/browse.html#river%20range%20(landform)"
"new zealand (country)",1,"https://evanwill.github.io/hearings-text/browse.html#new%20zealand%20(country)"
"grandview 2 (forest)",1,"https://evanwill.github.io/hearings-text/browse.html#grandview%202%20(forest)"
"teton county (county)",1,"https://evanwill.github.io/hearings-text/browse.html#teton%20county%20(county)"
"salmo priest rare ii area (wilderness)",1,"https://evanwill.github.io/hearings-text/browse.html#salmo%20priest%20rare%20ii%20area%20(wilderness)"
"american west (region)",1,"https://evanwill.github.io/hearings-text/browse.html#american%20west%20(region)"
"laclede (city)",1,"https://evanwill.github.io/hearings-text/browse.html#laclede%20(city)"
"crest mountains (landform)",1,"https://evanwill.github.io/hearings-text/browse.html#crest%20mountains%20(landform)"
"boundary creek (stream)",1,"https://evanwill.github.io/hearings-text/browse.html#boundary%20creek%20(stream)"
"a sparkling creek (stream)",1,"https://evanwill.github.io/hearings-text/browse.html#a%20sparkling%20creek%20(stream)"
"the nez perce and challis national forests (forest)",1,"https://evanwill.github.io/hearings-text/browse.html#the%20nez%20perce%20and%20challis%20national%20forests%20(forest)"
"south america (continent)",1,"https://evanwill.github.io/hearings-text/browse.html#south%20america%20(continent)"
"the st. joe river (stream)",1,"https://evanwill.github.io/hearings-text/browse.html#the%20st.%20joe%20river%20(stream)"
"sawtooth primitive area (wilderness)",1,"https://evanwill.github.io/hearings-text/browse.html#sawtooth%20primitive%20area%20(wilderness)"
"idaho primitive area (wilderness)",1,"https://evanwill.github.io/hearings-text/browse.html#idaho%20primitive%20area%20(wilderness)"
"borah range (landform)",1,"https://evanwill.github.io/hearings-text/browse.html#borah%20range%20(landform)"
"jordan valley (landform)",1,"https://evanwill.github.io/hearings-text/browse.html#jordan%20valley%20(landform)"
"magruder corridor (landform)",1,"https://evanwill.github.io/hearings-text/browse.html#magruder%20corridor%20(landform)"
"hells canyon (forest)",1,"https://evanwill.github.io/hearings-text/browse.html#hells%20canyon%20(forest)"
"finland (country)",1,"https://evanwill.github.io/hearings-text/browse.html#finland%20(country)"
"the sawtooth national wilderness area (wilderness)",1,"https://evanwill.github.io/hearings-text/browse.html#the%20sawtooth%20national%20wilderness%20area%20(wilderness)"
"trinities (landform)",1,"https://evanwill.github.io/hearings-text/browse.html#trinities%20(landform)"
"blue mountains (landform)",1,"https://evanwill.github.io/hearings-text/browse.html#blue%20mountains%20(landform)"
"bull lake country (lake)",1,"https://evanwill.github.io/hearings-text/browse.html#bull%20lake%20country%20(lake)"
"council mountain (landform)",1,"https://evanwill.github.io/hearings-text/browse.html#council%20mountain%20(landform)"
"pioneer area (landform)",1,"https://evanwill.github.io/hearings-text/browse.html#pioneer%20area%20(landform)"
"boulder creek unit (stream)",1,"https://evanwill.github.io/hearings-text/browse.html#boulder%20creek%20unit%20(stream)"
"kootenai valley (landform)",1,"https://evanwill.github.io/hearings-text/browse.html#kootenai%20valley%20(landform)"
"mica (landform)",1,"https://evanwill.github.io/hearings-text/browse.html#mica%20(landform)"
"meridian (city)",1,"https://evanwill.github.io/hearings-text/browse.html#meridian%20(city)"
"cloud (landform)",1,"https://evanwill.github.io/hearings-text/browse.html#cloud%20(landform)"
"north carolina (state)",1,"https://evanwill.github.io/hearings-text/browse.html#north%20carolina%20(state)"
"shining rock (wilderness)",1,"https://evanwill.github.io/hearings-text/browse.html#shining%20rock%20(wilderness)"
"fisher canyon (landform)",1,"https://evanwill.github.io/hearings-text/browse.html#fisher%20canyon%20(landform)"
"northwest (region)",1,"https://evanwill.github.io/hearings-text/browse.html#northwest%20(region)"
"white cloud (landform)",1,"https://evanwill.github.io/hearings-text/browse.html#white%20cloud%20(landform)"
"ball creek (stream)",1,"https://evanwill.github.io/hearings-text/browse.html#ball%20creek%20(stream)"
"clark fork (city)",1,"https://evanwill.github.io/hearings-text/browse.html#clark%20fork%20(city)"
"bruin mountain (landform)",1,"https://evanwill.github.io/hearings-text/browse.html#bruin%20mountain%20(landform)"
"kansas (state)",1,"https://evanwill.github.io/hearings-text/browse.html#kansas%20(state)"
"south bruin mountains (landform)",1,"https://evanwill.github.io/hearings-text/browse.html#south%20bruin%20mountains%20(landform)"
"salmon-payette crest (landform)",1,"https://evanwill.github.io/hearings-text/browse.html#salmon-payette%20crest%20(landform)"
"st. joe valley (landform)",1,"https://evanwill.github.io/hearings-text/browse.html#st.%20joe%20valley%20(landform)"
"scotchman peaks (landform)",1,"https://evanwill.github.io/hearings-text/browse.html#scotchman%20peaks%20(landform)"
"cascade (city)",1,"https://evanwill.github.io/hearings-text/browse.html#cascade%20(city)"
"afghanistan (country)",1,"https://evanwill.github.io/hearings-text/browse.html#afghanistan%20(country)"
"eastern washington (state)",1,"https://evanwill.github.io/hearings-text/browse.html#eastern%20washington%20(state)"
"st. joe lake (lake)",1,"https://evanwill.github.io/hearings-text/browse.html#st.%20joe%20lake%20(lake)"
"american selkirks (landform)",1,"https://evanwill.github.io/hearings-text/browse.html#american%20selkirks%20(landform)"
"central idaho wilderness area (wilderness)",1,"https://evanwill.github.io/hearings-text/browse.html#central%20idaho%20wilderness%20area%20(wilderness)"
"indiana (state)",1,"https://evanwill.github.io/hearings-text/browse.html#indiana%20(state)"
"stanley basin (lake)",1,"https://evanwill.github.io/hearings-text/browse.html#stanley%20basin%20(lake)"
"weiser (city)",1,"https://evanwill.github.io/hearings-text/browse.html#weiser%20(city)"
"stanley lake (lake)",1,"https://evanwill.github.io/hearings-text/browse.html#stanley%20lake%20(lake)"
"selkirk long canyon wilderness area (wilderness)",1,"https://evanwill.github.io/hearings-text/browse.html#selkirk%20long%20canyon%20wilderness%20area%20(wilderness)"
"long canyon creek (stream)",1,"https://evanwill.github.io/hearings-text/browse.html#long%20canyon%20creek%20(stream)"
"kootenai river (stream)",1,"https://evanwill.github.io/hearings-text/browse.html#kootenai%20river%20(stream)"
"mouth creek (stream)",1,"https://evanwill.github.io/hearings-text/browse.html#mouth%20creek%20(stream)"
"lion creek (stream)",1,"https://evanwill.github.io/hearings-text/browse.html#lion%20creek%20(stream)"
"abandon mountain (landform)",1,"https://evanwill.github.io/hearings-text/browse.html#abandon%20mountain%20(landform)"
"acadia national park (forest)",1,"https://evanwill.github.io/hearings-text/browse.html#acadia%20national%20park%20(forest)"
"maine (state)",1,"https://evanwill.github.io/hearings-text/browse.html#maine%20(state)"
"africa (continent)",1,"https://evanwill.github.io/hearings-text/browse.html#africa%20(continent)"
"sahara (landform)",1,"https://evanwill.github.io/hearings-text/browse.html#sahara%20(landform)"
"greece (country)",1,"https://evanwill.github.io/hearings-text/browse.html#greece%20(country)"
"myrtle creek (stream)",1,"https://evanwill.github.io/hearings-text/browse.html#myrtle%20creek%20(stream)"
"selkirk crest area (wilderness)",1,"https://evanwill.github.io/hearings-text/browse.html#selkirk%20crest%20area%20(wilderness)"
"pacific northwest trail (trail)",1,"https://evanwill.github.io/hearings-text/browse.html#pacific%20northwest%20trail%20(trail)"
"selkirk grizzly bear ecosystem (landform)",1,"https://evanwill.github.io/hearings-text/browse.html#selkirk%20grizzly%20bear%20ecosystem%20(landform)"
"long mountain (landform)",1,"https://evanwill.github.io/hearings-text/browse.html#long%20mountain%20(landform)"
"cabinet-yaak grizzly bear ecosystem (stream)",1,"https://evanwill.github.io/hearings-text/browse.html#cabinet-yaak%20grizzly%20bear%20ecosystem%20(stream)"
"the rocky mountain states (region)",1,"https://evanwill.github.io/hearings-text/browse.html#the%20rocky%20mountain%20states%20(region)"
"harrison (city)",1,"https://evanwill.github.io/hearings-text/browse.html#harrison%20(city)"
"danskin mountains  (landform)",1,"https://evanwill.github.io/hearings-text/browse.html#danskin%20mountains%20%20(landform)"
"the panhandle forest (forest)",1,"https://evanwill.github.io/hearings-text/browse.html#the%20panhandle%20forest%20(forest)"
"mount rainier (landform)",1,"https://evanwill.github.io/hearings-text/browse.html#mount%20rainier%20(landform)"
"white clouds (landform)",1,"https://evanwill.github.io/hearings-text/browse.html#white%20clouds%20(landform)"
"mount rainier national park (forest)",1,"https://evanwill.github.io/hearings-text/browse.html#mount%20rainier%20national%20park%20(forest)"
"the white cloud-boulder mountains (landform)",1,"https://evanwill.github.io/hearings-text/browse.html#the%20white%20cloud-boulder%20mountains%20(landform)"
"trail lake (lake)",1,"https://evanwill.github.io/hearings-text/browse.html#trail%20lake%20(lake)"
"clarkston (city)",1,"https://evanwill.github.io/hearings-text/browse.html#clarkston%20(city)"
"danskin range (landform)",1,"https://evanwill.github.io/hearings-text/browse.html#danskin%20range%20(landform)"
"the payette forest (forest)",1,"https://evanwill.github.io/hearings-text/browse.html#the%20payette%20forest%20(forest)"
"mountain home (city)",1,"https://evanwill.github.io/hearings-text/browse.html#mountain%20home%20(city)"
"kimberly (city)",1,"https://evanwill.github.io/hearings-text/browse.html#kimberly%20(city)"
"the panhandle national forests (forest)",1,"https://evanwill.github.io/hearings-text/browse.html#the%20panhandle%20national%20forests%20(forest)"
"beaver creek (stream)",1,"https://evanwill.github.io/hearings-text/browse.html#beaver%20creek%20(stream)"
"adair creek (stream)",1,"https://evanwill.github.io/hearings-text/browse.html#adair%20creek%20(stream)"
"pineapple peak (landform)",1,"https://evanwill.github.io/hearings-text/browse.html#pineapple%20peak%20(landform)"
"bathtub mountain (landform)",1,"https://evanwill.github.io/hearings-text/browse.html#bathtub%20mountain%20(landform)"
"forage mountain (landform)",1,"https://evanwill.github.io/hearings-text/browse.html#forage%20mountain%20(landform)"
"crescendo peak (landform)",1,"https://evanwill.github.io/hearings-text/browse.html#crescendo%20peak%20(landform)"
"jug camp (campground)",1,"https://evanwill.github.io/hearings-text/browse.html#jug%20camp%20(campground)"
"bad bear peak (landform)",1,"https://evanwill.github.io/hearings-text/browse.html#bad%20bear%20peak%20(landform)"
"emmett (city)",1,"https://evanwill.github.io/hearings-text/browse.html#emmett%20(city)"
"lost creek (stream)",1,"https://evanwill.github.io/hearings-text/browse.html#lost%20creek%20(stream)"
"buck creek (stream)",1,"https://evanwill.github.io/hearings-text/browse.html#buck%20creek%20(stream)"
"selkirk crest-long canyon (landform)",1,"https://evanwill.github.io/hearings-text/browse.html#selkirk%20crest-long%20canyon%20(landform)"
"mallard lake-larkins peak area (landform)",1,"https://evanwill.github.io/hearings-text/browse.html#mallard%20lake-larkins%20peak%20area%20(landform)"
"los angeles county (county)",1,"https://evanwill.github.io/hearings-text/browse.html#los%20angeles%20county%20(county)"
"kellogg-wardner (city)",1,"https://evanwill.github.io/hearings-text/browse.html#kellogg-wardner%20(city)"
"santa barbara (city)",1,"https://evanwill.github.io/hearings-text/browse.html#santa%20barbara%20(city)"
"heather creek (stream)",1,"https://evanwill.github.io/hearings-text/browse.html#heather%20creek%20(stream)"
"the sulpher creek (stream)",1,"https://evanwill.github.io/hearings-text/browse.html#the%20sulpher%20creek%20(stream)"
"prichard (city)",1,"https://evanwill.github.io/hearings-text/browse.html#prichard%20(city)"
"precambrian basin (lake)",1,"https://evanwill.github.io/hearings-text/browse.html#precambrian%20basin%20(lake)"
"murray (city)",1,"https://evanwill.github.io/hearings-text/browse.html#murray%20(city)"
"nez perce county (county)",1,"https://evanwill.github.io/hearings-text/browse.html#nez%20perce%20county%20(county)"
"peck, idaho",1,"https://evanwill.github.io/hearings-text/browse.html#peck,%20idaho"
"julietta (city)",1,"https://evanwill.github.io/hearings-text/browse.html#julietta%20(city)"
"cottonwood, idaho",1,"https://evanwill.github.io/hearings-text/browse.html#cottonwood,%20idaho"
"idaho",1,"https://evanwill.github.io/hearings-text/browse.html#idaho"
"parma, idaho",1,"https://evanwill.github.io/hearings-text/browse.html#parma,%20idaho"
"the nex perce national forest (forest)",1,"https://evanwill.github.io/hearings-text/browse.html#the%20nex%20perce%20national%20forest%20(forest)"
"bonners county, idaho",1,"https://evanwill.github.io/hearings-text/browse.html#bonners%20county,%20idaho"
"boundary county, idaho",1,"https://evanwill.github.io/hearings-text/browse.html#boundary%20county,%20idaho"
"spokane, washington",1,"https://evanwill.github.io/hearings-text/browse.html#spokane,%20washington"
"parma (city)",1,"https://evanwill.github.io/hearings-text/browse.html#parma%20(city)"
"mount scotchman (landform)",1,"https://evanwill.github.io/hearings-text/browse.html#mount%20scotchman%20(landform)"
"osburn, idaho",1,"https://evanwill.github.io/hearings-text/browse.html#osburn,%20idaho"
"hayden lake, idaho",1,"https://evanwill.github.io/hearings-text/browse.html#hayden%20lake,%20idaho"
"middle east (region)",1,"https://evanwill.github.io/hearings-text/browse.html#middle%20east%20(region)"
"sawtooth creek (stream)",1,"https://evanwill.github.io/hearings-text/browse.html#sawtooth%20creek%20(stream)"
"snake river break recreation area (wilderness)",1,"https://evanwill.github.io/hearings-text/browse.html#snake%20river%20break%20recreation%20area%20(wilderness)"
"pierce (city)",1,"https://evanwill.github.io/hearings-text/browse.html#pierce%20(city)"
"priest lake, idaho",1,"https://evanwill.github.io/hearings-text/browse.html#priest%20lake,%20idaho"
"lochsa district (stream)",1,"https://evanwill.github.io/hearings-text/browse.html#lochsa%20district%20(stream)"
"coolin, idaho",1,"https://evanwill.github.io/hearings-text/browse.html#coolin,%20idaho"
"clearwater area (forest)",1,"https://evanwill.github.io/hearings-text/browse.html#clearwater%20area%20(forest)"
"siuslaw national forest (forest)",1,"https://evanwill.github.io/hearings-text/browse.html#siuslaw%20national%20forest%20(forest)"
"national forests (forest)",1,"https://evanwill.github.io/hearings-text/browse.html#national%20forests%20(forest)"
"clark fork, idaho",1,"https://evanwill.github.io/hearings-text/browse.html#clark%20fork,%20idaho"
"palouse unit (landform)",1,"https://evanwill.github.io/hearings-text/browse.html#palouse%20unit%20(landform)"
"pinehurst, idaho",1,"https://evanwill.github.io/hearings-text/browse.html#pinehurst,%20idaho"
"weiser national forest (forest)",1,"https://evanwill.github.io/hearings-text/browse.html#weiser%20national%20forest%20(forest)"
"moose mountain and cayuse (wilderness)",1,"https://evanwill.github.io/hearings-text/browse.html#moose%20mountain%20and%20cayuse%20(wilderness)"
"terreton, idaho",1,"https://evanwill.github.io/hearings-text/browse.html#terreton,%20idaho"
"tetonia, idaho",1,"https://evanwill.github.io/hearings-text/browse.html#tetonia,%20idaho"
"dubois, idaho",1,"https://evanwill.github.io/hearings-text/browse.html#dubois,%20idaho"
"milk creek (stream)",1,"https://evanwill.github.io/hearings-text/browse.html#milk%20creek%20(stream)"
"minnisoka creek (stream)",1,"https://evanwill.github.io/hearings-text/browse.html#minnisoka%20creek%20(stream)"
"blackfoot, idaho",1,"https://evanwill.github.io/hearings-text/browse.html#blackfoot,%20idaho"
"minnisoka basin (lake)",1,"https://evanwill.github.io/hearings-text/browse.html#minnisoka%20basin%20(lake)"
"ashton, idaho",1,"https://evanwill.github.io/hearings-text/browse.html#ashton,%20idaho"
"cobalt, idaho",1,"https://evanwill.github.io/hearings-text/browse.html#cobalt,%20idaho"
"west meadow creek (stream)",1,"https://evanwill.github.io/hearings-text/browse.html#west%20meadow%20creek%20(stream)"
"sierras (landform)",1,"https://evanwill.github.io/hearings-text/browse.html#sierras%20(landform)"
"challis, idaho",1,"https://evanwill.github.io/hearings-text/browse.html#challis,%20idaho"
"fort hall, idaho",1,"https://evanwill.github.io/hearings-text/browse.html#fort%20hall,%20idaho"
"salmon-snake (stream)",1,"https://evanwill.github.io/hearings-text/browse.html#salmon-snake%20(stream)"
"hells canyon nra (forest)",1,"https://evanwill.github.io/hearings-text/browse.html#hells%20canyon%20nra%20(forest)"
"klompton creek (stream)",1,"https://evanwill.github.io/hearings-text/browse.html#klompton%20creek%20(stream)"
"corral creek (stream)",1,"https://evanwill.github.io/hearings-text/browse.html#corral%20creek%20(stream)"
"snow hole canyon (landform)",1,"https://evanwill.github.io/hearings-text/browse.html#snow%20hole%20canyon%20(landform)"
"virginia (state)",1,"https://evanwill.github.io/hearings-text/browse.html#virginia%20(state)"
"nampa, idaho",1,"https://evanwill.github.io/hearings-text/browse.html#nampa,%20idaho"
"kelly creek-cayuse (stream)",1,"https://evanwill.github.io/hearings-text/browse.html#kelly%20creek-cayuse%20(stream)"
"black lake (lake)",1,"https://evanwill.github.io/hearings-text/browse.html#black%20lake%20(lake)"
"black mountain (landform)",1,"https://evanwill.github.io/hearings-text/browse.html#black%20mountain%20(landform)"
"scull creek (stream)",1,"https://evanwill.github.io/hearings-text/browse.html#scull%20creek%20(stream)"
"eagle, idaho",1,"https://evanwill.github.io/hearings-text/browse.html#eagle,%20idaho"
"red river (stream)",1,"https://evanwill.github.io/hearings-text/browse.html#red%20river%20(stream)"
"newsome creek (stream)",1,"https://evanwill.github.io/hearings-text/browse.html#newsome%20creek%20(stream)"
"cottonwood (city)",1,"https://evanwill.github.io/hearings-text/browse.html#cottonwood%20(city)"
"idaho nez perce forest (forest)",1,"https://evanwill.github.io/hearings-text/browse.html#idaho%20nez%20perce%20forest%20(forest)"
"mountain home, idaho",1,"https://evanwill.github.io/hearings-text/browse.html#mountain%20home,%20idaho"
"sneakfoot-marion (forest)",1,"https://evanwill.github.io/hearings-text/browse.html#sneakfoot-marion%20(forest)"
"williams creek (stream)",1,"https://evanwill.github.io/hearings-text/browse.html#williams%20creek%20(stream)"
"the silver creek (stream)",1,"https://evanwill.github.io/hearings-text/browse.html#the%20silver%20creek%20(stream)"
"goat lake (lake)",1,"https://evanwill.github.io/hearings-text/browse.html#goat%20lake%20(lake)"
"the saint joe national forest (forest)",1,"https://evanwill.github.io/hearings-text/browse.html#the%20saint%20joe%20national%20forest%20(forest)"
"marble creek (stream)",1,"https://evanwill.github.io/hearings-text/browse.html#marble%20creek%20(stream)"
"picabo, idaho",1,"https://evanwill.github.io/hearings-text/browse.html#picabo,%20idaho"
"minnesoka creek (stream)",1,"https://evanwill.github.io/hearings-text/browse.html#minnesoka%20creek%20(stream)"
"craig lake (lake)",1,"https://evanwill.github.io/hearings-text/browse.html#craig%20lake%20(lake)"
"bellevue, idaho",1,"https://evanwill.github.io/hearings-text/browse.html#bellevue,%20idaho"
"rhett creek (stream)",1,"https://evanwill.github.io/hearings-text/browse.html#rhett%20creek%20(stream)"
"middleton, idaho",1,"https://evanwill.github.io/hearings-text/browse.html#middleton,%20idaho"
"the cayuse creek/kelly creek (stream)",1,"https://evanwill.github.io/hearings-text/browse.html#the%20cayuse%20creek/kelly%20creek%20(stream)"
"the cayuse creek drainage (stream)",1,"https://evanwill.github.io/hearings-text/browse.html#the%20cayuse%20creek%20drainage%20(stream)"
"moose mountain wilderness (wilderness)",1,"https://evanwill.github.io/hearings-text/browse.html#moose%20mountain%20wilderness%20(wilderness)"
"lolo trail (trail)",1,"https://evanwill.github.io/hearings-text/browse.html#lolo%20trail%20(trail)"
"fish creek roadless area (stream)",1,"https://evanwill.github.io/hearings-text/browse.html#fish%20creek%20roadless%20area%20(stream)"
"elk butte (landform)",1,"https://evanwill.github.io/hearings-text/browse.html#elk%20butte%20(landform)"
"obia creek (stream)",1,"https://evanwill.github.io/hearings-text/browse.html#obia%20creek%20(stream)"
"weippe (city)",1,"https://evanwill.github.io/hearings-text/browse.html#weippe%20(city)"
"the bitterroot national forest (forest)",1,"https://evanwill.github.io/hearings-text/browse.html#the%20bitterroot%20national%20forest%20(forest)"
"endangerd wilderness core (wilderness)",1,"https://evanwill.github.io/hearings-text/browse.html#endangerd%20wilderness%20core%20(wilderness)"
"hoodoo mountain-great burn area (wilderness)",1,"https://evanwill.github.io/hearings-text/browse.html#hoodoo%20mountain-great%20burn%20area%20(wilderness)"
"lochsa (stream)",1,"https://evanwill.github.io/hearings-text/browse.html#lochsa%20(stream)"
"orogrande creek (stream)",1,"https://evanwill.github.io/hearings-text/browse.html#orogrande%20creek%20(stream)"
"toboggan ridge road (landform)",1,"https://evanwill.github.io/hearings-text/browse.html#toboggan%20ridge%20road%20(landform)"
"minnesahka creek (stream)",1,"https://evanwill.github.io/hearings-text/browse.html#minnesahka%20creek%20(stream)"
"twin falls, idaho",1,"https://evanwill.github.io/hearings-text/browse.html#twin%20falls,%20idaho"
"lakes (lake)",1,"https://evanwill.github.io/hearings-text/browse.html#lakes%20(lake)"
"st. joe national forests (forest)",1,"https://evanwill.github.io/hearings-text/browse.html#st.%20joe%20national%20forests%20(forest)"
"elk river (city)",1,"https://evanwill.github.io/hearings-text/browse.html#elk%20river%20(city)"
"bovill (city)",1,"https://evanwill.github.io/hearings-text/browse.html#bovill%20(city)"
"deary (city)",1,"https://evanwill.github.io/hearings-text/browse.html#deary%20(city)"
"mainstem (stream)",1,"https://evanwill.github.io/hearings-text/browse.html#mainstem%20(stream)"
"snake (stream)",1,"https://evanwill.github.io/hearings-text/browse.html#snake%20(stream)"
"upper columbia river (stream)",1,"https://evanwill.github.io/hearings-text/browse.html#upper%20columbia%20river%20(stream)"
"columbia basin (region)",1,"https://evanwill.github.io/hearings-text/browse.html#columbia%20basin%20(region)"
"selway, lochsa (stream)",1,"https://evanwill.github.io/hearings-text/browse.html#selway,%20lochsa%20(stream)"
"the big burn wilderness area (wilderness)",1,"https://evanwill.github.io/hearings-text/browse.html#the%20big%20burn%20wilderness%20area%20(wilderness)"
"kelly-toboggan-cayuse creek area (stream)",1,"https://evanwill.github.io/hearings-text/browse.html#kelly-toboggan-cayuse%20creek%20area%20(stream)"
"kelly-cayuse-toboggan (stream)",1,"https://evanwill.github.io/hearings-text/browse.html#kelly-cayuse-toboggan%20(stream)"
"lake creek (stream)",1,"https://evanwill.github.io/hearings-text/browse.html#lake%20creek%20(stream)"
"little north fork canyon (landform)",1,"https://evanwill.github.io/hearings-text/browse.html#little%20north%20fork%20canyon%20(landform)"
"mud lake (lake)",1,"https://evanwill.github.io/hearings-text/browse.html#mud%20lake%20(lake)"
"selway-bitterroots (landform)",1,"https://evanwill.github.io/hearings-text/browse.html#selway-bitterroots%20(landform)"
"troy (city)",1,"https://evanwill.github.io/hearings-text/browse.html#troy%20(city)"
"yellow pine, idaho",1,"https://evanwill.github.io/hearings-text/browse.html#yellow%20pine,%20idaho"
"kamiah (city)",1,"https://evanwill.github.io/hearings-text/browse.html#kamiah%20(city)"
"kelly-cayuse (stream)",1,"https://evanwill.github.io/hearings-text/browse.html#kelly-cayuse%20(stream)"
"lowman, idaho",1,"https://evanwill.github.io/hearings-text/browse.html#lowman,%20idaho"
"summit (landform)",1,"https://evanwill.github.io/hearings-text/browse.html#summit%20(landform)"
"houston (city)",1,"https://evanwill.github.io/hearings-text/browse.html#houston%20(city)"
"peck (city)",1,"https://evanwill.github.io/hearings-text/browse.html#peck%20(city)"
"potlatch (city)",1,"https://evanwill.github.io/hearings-text/browse.html#potlatch%20(city)"
"slate creek ranger district (stream)",1,"https://evanwill.github.io/hearings-text/browse.html#slate%20creek%20ranger%20district%20(stream)"
"tamarack (city)",1,"https://evanwill.github.io/hearings-text/browse.html#tamarack%20(city)"
"slate creek (stream)",1,"https://evanwill.github.io/hearings-text/browse.html#slate%20creek%20(stream)"
"alpine zone (stream)",1,"https://evanwill.github.io/hearings-text/browse.html#alpine%20zone%20(stream)"
"bear grass ridge (landform)",1,"https://evanwill.github.io/hearings-text/browse.html#bear%20grass%20ridge%20(landform)"
"minnesaka river (stream)",1,"https://evanwill.github.io/hearings-text/browse.html#minnesaka%20river%20(stream)"
"lakes buttee elizabeth lakes (lake)",1,"https://evanwill.github.io/hearings-text/browse.html#lakes%20buttee%20elizabeth%20lakes%20(lake)"
"elenor creek (stream)",1,"https://evanwill.github.io/hearings-text/browse.html#elenor%20creek%20(stream)"
"black creek (stream)",1,"https://evanwill.github.io/hearings-text/browse.html#black%20creek%20(stream)"
"spokane valley (city)",1,"https://evanwill.github.io/hearings-text/browse.html#spokane%20valley%20(city)"
"warrens (city)",1,"https://evanwill.github.io/hearings-text/browse.html#warrens%20(city)"
"lunde ridge (landform)",1,"https://evanwill.github.io/hearings-text/browse.html#lunde%20ridge%20(landform)"
"lunde area (lake)",1,"https://evanwill.github.io/hearings-text/browse.html#lunde%20area%20(lake)"
"the cayuse-kelly creek (stream)",1,"https://evanwill.github.io/hearings-text/browse.html#the%20cayuse-kelly%20creek%20(stream)"
"payette creek (stream)",1,"https://evanwill.github.io/hearings-text/browse.html#payette%20creek%20(stream)"
"beaverhead county (county)",1,"https://evanwill.github.io/hearings-text/browse.html#beaverhead%20county%20(county)"
"nez perce reservation (indian reservation)",1,"https://evanwill.github.io/hearings-text/browse.html#nez%20perce%20reservation%20(indian%20reservation)"
"jupiter (planet)",1,"https://evanwill.github.io/hearings-text/browse.html#jupiter%20(planet)"
"the selway-bitterroot wilderness area (wilderness)",1,"https://evanwill.github.io/hearings-text/browse.html#the%20selway-bitterroot%20wilderness%20area%20(wilderness)"
